id,area,name,width,height
0039e6bf-5244-4b4e-b7dc-d02056bbfdc9,Brooklyn,"Atlantic Ave @ 111 St",352,240
1b3248f9-f26e-4f36-943f-b7a7731595fb,Queens,"QBB @ Crescent St",352,240
8cc75cbc-e050-4947-aee8-639f63fe4ca7,Manhattan,"Canal Street @ Chrystie Street",352,240
300e0508-3c7e-4ac5-8527-b75bcf8292b8,Queens,"Hillside Ave @ Little Neck Pkwy",352,240
98fc3e41-66be-42d7-8f69-5cc76ae7226f,Manhattan,"BB - Manhattan hub - 156.103",352,240
c145d543-b5f5-4dec-9bb8-7866eafdf054,Bronx,"Exterior St @ 3 Ave",352,240
b221fdc4-ca81-41ae-875e-bf0341377758,Bronx,"C1-BRE-06_W - WB_at_CBX-Hutch_Int-EX6A",1920,1080
ec9eda79-e250-4e6f-a8f6-e51021fb054f,Manhattan,"Amsterdam Ave @ 60 St",352,240
8afc5cd6-f735-47e8-bd57-6e6d3b81b442,Manhattan,"WBB-20 @ Above Bedford Ave ( Berry St )",352,240
0472fa7a-acd7-4510-a9e7-61307d4057cd,Brooklyn,"Bay Pkwy @ 78 St (Kings Hwy)",352,240
0f5e11ff-0ecc-4622-a32e-bb80a6b2c1c6,Staten Island,"Hylan Blvd @ Arden Ave",352,240
4f8c2e84-c15a-4474-91fb-7e14554d4c4e,Manhattan,"Central Park West @ 65 St",352,240
3576217a-82e8-4f2a-854f-3de97ef37362,Brooklyn,"BQE  @ Pearl St",352,240
332f161d-47cb-4c8a-b6b6-5ad48a55c978,Manhattan,"Ave of Americas @ Central Park South",352,240
4284c61f-eb9c-419d-99e4-48a7ef681e62,Bronx,"PELHAM PKWY @ WILLIAMSBRIDGE RD",352,240
91c033b3-ecfd-4fb9-b27d-d256eb720789,Brooklyn,"Prospect Pkwy @ 3 Ave",352,240
cbd7c7a6-9bc5-4d6d-baf4-61b648dd589d,Queens,"Astoria Blvd N S/R @ 32 St",352,240
8e07d72b-94cd-44c4-b92a-48decda031d2,Queens,"Queens Blvd @ 39 St - East",352,240
b18d0e36-c053-435d-921e-813ab5f65a0a,Brooklyn,"C2-BQE-22-WB_at_Lee_Ave-Ex31",1920,1080
0ccf3a51-8981-4e03-92a9-00b1c59f0b9b,Manhattan,"BB-24 South Rdwy @ Above South St",352,240
2f28f8df-5eb5-4327-ab1f-7feaf2630b34,Bronx,"Grand Concourse @ Bedford Park Blvd",352,240
ae1960ee-1f34-4774-88f5-b195b9c2a505,Queens,"C5-LIE-15-WB_at_Queens_Blvd-Ex19",720,480
068461e2-c62f-4ce4-adac-5f9efe92af1d,Brooklyn,"Bushwick Ave @ De Kalb Ave",352,240
67f77766-bd19-4082-adeb-88d59866c490,Queens,"Long Island Expy @ QMT @ Pulaski Br",352,240
984ebbad-ca64-41d8-8008-63aaae316952,Manhattan,"Central Park West @ 72 St",352,240
9cc8495e-aeee-4759-adba-5a6bf5efd4b9,Manhattan,"3 Ave @ 23 St",352,240
07f88e60-2b93-4bba-9784-8cac3c9b7f52,Staten Island,"C3-SIE-02-EB_at_WSE_Int-Ex3",720,480
cb68b8b1-9093-4f2e-acf2-8133b047e8df,Brooklyn,"Flatbush Ave @ Eastern Pkwy",352,240
053e8995-f8cb-4d02-a659-70ac7c7da5db,Manhattan,"Broadway @ 45 St",352,240
cbd86999-5bb1-4f2d-addd-dbf15fa3609d,Bronx,"Boston Rd @ Gun hill Rd",352,240
07c5a9ab-38b0-4176-a932-395cded5858e,Brooklyn,"Cadman Plz West @ Tillary St",352,240
975c7dd6-d6d7-4eaa-843d-fbe8eb7a1eb3,Manhattan,"QBB UL CM @ York Ave",320,240
155b2bff-5dd2-4109-bd10-e098376c8476,Manhattan,"FDR Dr @ 96 Street",352,240
279720e5-7db3-4143-9608-531cfc50dc25,Queens,"College Point Blvd @ 35 Ave",352,240
1572a83a-0a4f-4a7b-84a0-fec0890a2de3,Manhattan,"C4-WST-03-Med_at_Vestry_St",640,352
ec9ffb62-e3bf-4352-8bcf-7c9adf5fbe9c,Manhattan,"8th Ave @ 31st St",352,240
eca4e591-4ac8-471c-8e76-4710b52e6f9b,Queens,"Beach Channel Dr @B Mott Ave",352,240
b1d5d592-9e36-478e-bedc-5fb02d836bc3,Manhattan,"Sutton Pl @ 58 St",352,240
09b1235e-d2d1-4451-83a5-5a1c3ec280aa,Manhattan,"St Nicholas Ave @ 145 St",352,240
16d86749-6ec5-4594-8ccc-56c9507fedc3,Queens,"Rockaway Blvd @ S. Conduit Ave",352,240
111e79a9-eb5a-44d0-b062-481ac0a81901,Brooklyn,"Belt Pkwy @ Plumb 3 St",352,240
ed8fac76-2128-4099-8dfd-80144bd059d4,Queens,"Kissena Blvd @ Holly Ave",352,240
d401c83b-2f78-49dd-8974-14c819a992b2,Brooklyn,"C2-PE-05-Ctr_at_7th_Ave-Ex4",640,352
0bbea8bd-10f1-4126-b3c5-9e9432eab749,Brooklyn,"Atlantic Ave @ Pennsylvania Ave",352,240
0ff541bf-1be1-4bbf-88c5-3a570541e7d2,Staten Island,"Father Capodanno Blvd @ Sands LN",352,240
171d87f4-033f-4769-ae00-7819baa8034e,Staten Island,"SIE @ Fingerboard Rd",352,240
34674be5-4791-47f1-b0b2-2db0ff619732,Manhattan,"6 Ave @ 39 St",352,240
9b648eba-3e4a-4c2c-9afc-e659c1083804,Manhattan,"MHB-19 Manh N URDW @ Anch",352,240
f06979b2-3497-4330-9882-a06c8a442b7c,Manhattan,"6 Ave @ 34 St",352,240
39b42007-16d8-4302-8b8c-602bbb9e9683,Queens,"Northern Blvd @ 114 St",352,240
0951f345-28ef-447c-af7f-1cb4e0e16aa8,Bronx,"Bruckner Blvd E / White Plains Rd- Camera 1",352,240
23bcc0dd-d395-45fe-8106-676ba7293208,Manhattan,"Varick St @ Watt St",352,240
9b4553f1-6aa3-46eb-8905-ecbfecb83ce3,Queens,"Northern Blvd @ Honeywell Bridge",352,240
6847c104-0117-4e3f-b30e-e1a859bc8107,Manhattan,"FDR Dr @ 101 St ",352,240
15ccea84-99db-4e7d-8ce4-2dc93c7d23a0,Queens,"Cross Bay Blvd @ 6 Rd",352,240
ea774ec2-327b-4f3d-97ac-fd404c612cb1,Brooklyn,"C2-BQE-02_WB_at_Union_St-Ex26",640,352
e229e0fd-559b-4c1e-bcba-ac23db1d01e3,Manhattan,"6 Ave @ 57 St",352,240
6d3a21dd-0434-4d92-a0d1-3ca8b77297db,Manhattan,"5 Ave @ E 58 St",352,240
3095997f-dd41-4e71-a810-9290576c17a6,Manhattan,"12 Ave @ 57 St",352,240
08328372-55a2-448a-b180-9b4bce0b8d9e,Manhattan,"Broadway @ Morris St",352,240
1d839733-c963-44bc-9da4-f02ba20ca307,Queens,"Woodhaven Blvd @ Rockaway Blvd",704,240
41397b64-d035-4b41-a03e-170fe4103d89,Manhattan,"Park Ave @ 79 St",352,240
20b2298a-90cf-463f-b172-0b398a34f061,Manhattan,"Park Ave @ 37 St",352,240
0f657445-4729-4c98-8f3a-9591c1879b92,Bronx,"Bruckner Blvd E / White Plains Rd- Camera 2",352,240
83655dbc-7902-4fdb-926c-15fee4396b83,Manhattan,"Broadway @ 38 St",352,240
21fc45fc-30fb-4d6a-ae1b-7d2d2730dfca,Queens,"Cross Bay Blvd @ 107 Ave",352,240
2e43a9d0-1df8-4a38-ae20-2e0f359bb55d,Brooklyn,"Flatbush Ave @ Empire Blvd",352,240
13064b49-6f97-43a2-9cf8-947767afaa12,Queens,"C5-BQE-42-WB_at_30th_Ave-Ex43",1920,1080
ecba28cb-ac70-4d25-abcb-6506111ea120,Manhattan,"FDR Dr @ Brooklyn Bridge ",352,240
01ffcaef-7c54-4f16-8668-bce6efbcfcb1,Staten Island,"Hylan Ave @ Page Ave",352,240
9b923606-16ba-45ad-a105-aabcc98ef1fa,Manhattan,"12 Ave @ 22 St",352,240
29aaea67-bf67-4d6f-b572-f810f48f5b48,Staten Island,"Drumgoogle Rd E @ Vernon Ave",352,240
154a987b-7f71-4c09-a932-f256d085a34a,Queens,"GCP @ 214 St",352,240
243e945a-b872-4bac-9898-94ce8963ef44,Brooklyn,"Flatbush Ave @ DeKalb Ave",352,240
9c4c2657-6796-4953-bbe6-c50f24bb5820,Manhattan,"5 Ave @ 57 St",352,240
09cc9eed-0732-4199-a6ca-b3d0bbbad860,Bronx,"C1-MDE-06-NB_at_Macombs_Dam_Br-Ex5",1920,1080
2e70dd1f-b21f-4215-bc22-237a1d79eb71,Staten Island,"C3-KWV-02-NB_at_Bloomngdale_Rd-Ex2",720,480
a454105b-8f59-4d96-a656-9a2d29f1353d,Brooklyn,"WBB-1 @ Bklyn Plaza",352,240
f581cdc7-684b-4309-8c12-34b0bacd72bf,Manhattan,"3 Ave @ E 125 St",352,240
a0d4d925-37f5-45f4-b25a-a65c6577c008,Brooklyn,"BB-47 North Rdwy @ West of Bklyn Twr",352,240
a0ecf291-582c-4c42-933f-0b9ed4ce885c,Queens,"Queens Plaza N @ Northern Blvd",352,240
9d86d84c-6d3a-45a6-a8ad-fb5ab52f2b52,Manhattan,"E 57 St @ QBB",352,240
1e60ade7-c760-48cf-acd9-d9d6cbfa9420,Manhattan,"7 Ave @ 32 St",352,240
152e384f-7d80-4240-8995-bd75b78b582f,Manhattan,"2 Ave @ E 128 Street",352,240
f1912436-d91e-407e-b4a3-d163090f226f,Brooklyn,"Prospect St @ Old Fulton St -156.63",352,240
33ea5ed1-0d62-4f44-9fda-fda5c2327eed,Queens,"Main St @ Sanford Ave",352,240
053afe02-e1b3-4bea-9995-787e72c7fff4,Brooklyn,"Atlantic Ave @ Barclays Center",352,240
5adef8a1-5ad0-4a73-8d87-e1e545ba8cbb,Manhattan,"FDR Dr @ 73 St",352,240
8df73045-61fd-4394-b21a-dfa3f440d6e7,Staten Island,"C3-MLK-01-SB_at_Watchogue_Rd-Ex10",720,480
9c6dae83-0258-489e-a9cd-83396cf8dad7,Manhattan,"Lexington Ave @ E 128 Street",352,240
1dc7794b-62bb-4cb7-93ee-df87e5ac671d,Queens,"Clearview Expy @ 56 Ave",352,240
195870e2-8714-45c6-86ba-8ae079ef738c,Brooklyn,"McGuinness Blvd @ Green St",352,240
91567cf3-e527-4bb7-a6a6-e95656af5ca8,Manhattan,"1 Ave @ E 120 Street ",352,240
9955d671-39ad-4fb7-b63e-4e78cf6ac157,Brooklyn,"Flatbush Ave and 4 Ave",352,240
b19c9130-3a2d-4f7a-94a5-495eeea219ef,Bronx,"C1-BRE-11-SB_at_Buhre_Ave-Ex8A",720,480
76ce9adc-f73d-46b7-9ca7-fe6d7521b603,Queens,"Queens Plaza North @ 2811 (Westside)",352,240
260fc63c-773a-45e3-a04b-9f05c3184a44,Brooklyn,"Belt Pkwy @ Bay 8 St",352,240
34af619f-c745-4f09-a81c-e3635dd764c6,Staten Island,"Richmond Ave @ Forest Ave",352,240
a6bd09c7-9195-4e0b-ac0f-78114a7d63a1,Manhattan,"Park Ave @ E 125 St",352,240
138a0bcb-15af-46a4-baf0-8724016c73fa,Queens,"GCP @ Astoria Blvd @ 49 St",352,240
156b0613-239a-4e77-aa0e-0a4becfc0b05,Manhattan,"Lenox Ave @ 125 St",352,240
0dc7c2b4-614d-46a3-9610-3ba09f3f1284,Manhattan,"6 Ave @ 30 St",352,240
6728d273-d20b-44b7-868a-d54c00e50fab,Manhattan,"Amsterdam @ 178 St",352,240
2f504422-66f8-4ddc-805f-8744279a1a6e,Queens,"Northern Blvd @ 68 St",352,240
07b8616e-373e-4ec9-89cc-11cad7d59fcb,Manhattan,"Worth St @ Centre St",352,240
1e88b34b-2058-402e-9a3d-aca1c57696bf,Queens,"GCP @ 31 ST",352,240
0cef143f-b3d8-4066-84ee-6114fa6e76e0,Manhattan,"Lexington Ave @ E 110 Street",352,240
330e2a88-3cea-4ce5-b1a2-ae8440de9b1a,Manhattan,"1 Ave @ 84 St",352,240
04ffc69c-92a7-4c02-aa18-2b16e7ba81f2,Manhattan,"FDR Dr @ 36 St",352,240
2d1ed99a-c3d3-4616-a0d6-a9fe16f3e48c,Staten Island,"SIE @ Clove Rd",352,240
175cc1f1-0543-41c9-85fb-464ec29687de,Manhattan,"Park Ave @ E 116 Street",352,240
420a58c7-3b5b-4a20-9f8d-d722d03f19ca,Bronx,"Bruckner Blvd E @ Castle Hill Ave ",352,240
f1acca9b-0030-49c5-b589-33ab6ac24657,Bronx,"C1-TNE-01-SB_at_Otis-Ave",720,480
06ea08ec-5cd8-4bd6-9535-502acf651abc,Manhattan,"5 Ave @ 86 St",352,240
41610046-fbab-40be-b824-4afa48119bec,Brooklyn,"C2-BQE-28-WB_at_Manhattan_Ave-Ex33",720,480
1fe143ba-7133-422f-b594-d6712559c523,Manhattan,"2 Ave @ 125 St",352,240
5caa3ace-277b-42db-97bd-585f29b0d49f,Manhattan,"Central Park West @ W 61 St",352,240
351d3d12-fd9e-4e4c-b279-cd8f3f1f194c,Bronx,"C1-MDE-01-Cntr_at_E.135th_St-Ex1",720,480
572b1058-c33a-4de2-8f35-0f3e9e92bc33,Bronx,"CBX @ Morris Ave & 174th ST",352,240
3793f20a-28ce-411d-b09b-f7baa2b6d55b,Queens,"Grand Central Pkwy @ Midland Pkwy - 62.138",<nil>,<nil>
0bf496dc-36dd-4311-808e-84ab6acec605,Queens,"Queens Blvd @ 63 Dr",352,240
40213626-3ef8-4d63-be77-e1d84ca4d19c,Brooklyn,"Metropolitan Ave @ Berry St",352,240
36672d97-80d3-48f0-b3c4-6e6125069b90,Manhattan,"Riverside Dr @ 79 St",352,240
74915f83-bee1-46f3-be10-24e121eda081,Manhattan,"Lexington Ave @ E 125 St",352,240
60982889-171e-4208-ae1d-8f179f91231e,Queens,"Queens Blvd E/B @ 43 St",352,240
2ade65cd-0d12-4c31-9a65-da75d9d62d4e,Brooklyn,"Hicks St NB @ Sackett St",352,240
5ce5f31b-fce3-4f60-9534-5986c8b668eb,Manhattan,"3 Ave @ E 120 Street",352,240
abda729c-9f02-4ecf-b164-228b1528cfac,Queens,"Queens Blvd @ Skillman",352,240
60fbce69-38fa-42b2-9ae8-41aea66abddf,Brooklyn,"Sands St @ Brooklyn Bridge Ent",352,240
83404149-7deb-43ee-81b5-66fe804c0feb,Brooklyn,"BB-63 North Rdwy@ Bklyn Twr East",352,240
0ee4eb1e-77ce-47a1-a145-0cb115656aad,Bronx,"Marmion Av. @ Cross Bronx Expwy",352,240
17b6c7dd-2aa7-442a-8832-d39051a47d1b,Manhattan,"Park Ave @ 34 St",352,240
ae2f7e1a-e781-4d24-9434-12f4f4ef4f2b,Manhattan,"WBB -17  SOR - 2  @ Delancey St/FDR",352,240
1222cb4f-2ed6-44f6-9550-29dd2cd6b839,Staten Island,"C3-WSE-07-NB_at_Frsh_Kills_Crk-Ex5",720,480
8ea73365-6c7b-423a-87fc-4b6fc279dafa,Brooklyn,"BQE @ Sands St",352,240
2048e8ae-11df-4ff9-8f4d-b8621af47081,Brooklyn,"Rockaway Pkwy @ Flatlands Ave",352,240
38a9cb68-6d0c-4171-a809-344c581dfcb0,Queens,"C5-BQE-44-Med_at_31st_Ave-Ex41",720,480
3ad126cc-3f99-4626-a229-b9ba4d3f4b63,Manhattan,"St Nicholas Ave @ 181 St",352,240
927f8797-4a7e-4b6d-b11f-cee68a027dc9,Manhattan,"2 Ave @ E 102 St",352,240
21ca79e4-eec6-4073-914d-117409a7e677,Queens,"Kissena Blvd @ LIE N S/R",352,240
046d6b99-ffe1-4761-beb4-5c0a2fc6000e,Queens,"Woodhaven Blvd @ Furmanville Ave",320,240
09d9335c-097e-47ef-af1d-122eb3206f7c,Manhattan,"Rockefeller Plaza @ W 49 St",352,240
a9fb8f19-98a1-4b2b-a920-a3537cc4908f,Manhattan,"Lexington Ave @ E 120 St",352,240
3809d95f-f99e-4eca-9121-9c7db73f8cbd,Manhattan,"12 Ave @ 34 St",352,240
4b99e17b-d784-4ae3-a8f4-fb20e05895ee,Queens,"Beach Channel Dr @B 90 St",352,240
36d14f1c-b6fb-474c-9703-ecfd101ead72,Queens,"Northern Blvd @ 51 St",352,240
0b7a91d5-e33e-42b3-a05a-951be0ab1663,Staten Island,"Staten Island Expy @ Hylan Blvd",352,240
301002c0-fe39-4fad-998a-fdc66e531b1d,Manhattan,"Lincoln Tun Approach(Bet 9Ave & 10Ave) @ W31 ST ",352,240
efea49ae-8d39-4ebd-b2a9-9259361d4233,Bronx,"C1-CBE-10-SB_at_Brx.Rvr_Pkwy-Ex4A",1920,1080
1389ca99-0d3f-4c27-bc45-b0aa238ea7d2,Staten Island,"SIE @ Richmond Ave",352,240
54d81029-7015-4c05-941b-94688c5aae85,Brooklyn,"BB-45 South Rdwy @ 350Ft West of Bklyn Twr",352,240
08ad39a9-300a-47f7-a708-2670843e6add,Manhattan,"2 Ave @ E 116 St",352,240
32bf4789-4142-4484-b110-88343799a40b,Bronx,"C1-MDE-15-NB_at_Jerome_Ave-Ex13",720,480
af741eca-a192-41be-890a-22c7ae7d159a,Manhattan,"WBB-10 NIR-4 @ FDR RD",352,240
b062d611-e0e8-40be-a180-c583391276f5,Manhattan,"Park Ave @ 72 St",352,240
ae67eb8d-0aed-4204-b7a1-3621ed9eef65,Brooklyn,"Tillary St EB @ Jay St",352,240
24101bcf-29a7-4417-b77d-1f0368dc212d,Manhattan,"Hudson St @ Laight St",352,240
65440c6b-ee6c-4406-8542-2992b6edf3f5,Manhattan,"Lexington Ave @ 72 St",352,240
1c3a5c25-a40c-40d6-8f6b-030294269fd1,Staten Island,"Lily Pond Ave @ School Rd",352,240
4302c1d7-48aa-45a8-a9cc-93e3132c1530,Bronx,"C1-CBE-03_N_NB_at_Nelson_Ave-Ex02A",720,480
6cc9b754-096d-4c5c-94b7-64f6b69523d5,Staten Island,"C3-WSE-12-NB_at_Bloomfield_Ave_Ex9",720,480
6d1bd95a-307b-4067-a31c-f28d48c578b1,Brooklyn,"Metropolitan Ave @ Grand St",352,240
7305c9dc-a6c3-4eab-83df-fd42296efbea,Bronx,"Southern Bl. @ Cross Bronx Expwy",352,240
6c4cf1a1-0a5c-4d32-b502-e4f28fe609fd,Manhattan,"South St @ Broad St",352,240
9cdf1f47-307d-48e8-8627-e77e189b5fed,Manhattan,"207 ST @ 9 Ave",352,240
19c66e73-e218-42d8-af0b-a0ca53e6bf86,Queens,"Queens Blvd @ 51 St",352,240
4c47eda8-a4a1-4e40-baea-578e0a99e1d8,Queens,"Beach Channel Dr @B 32 St",352,240
f7c4d5d5-f4d4-4590-9459-6491507ae9f9,Manhattan,"1 Ave @ 59 St",352,240
56b99f9c-1f5c-47e2-8c85-d34de045a4ce,Manhattan,"Varick St @ Beach St ",352,240
5933e055-d8a8-4248-a125-fc2ce861b1bc,Queens,"Cross Island Pkwy @ 100 Ave",352,240
9010e3c3-c888-43d4-9c26-59e9b802dbcb,Brooklyn,"Old Fulton St @ Furman St",352,240
97190ee9-e92c-46ef-a3fc-e8c75d416a9a,Bronx,"Henry Hudson Pkwy @ 232 St",352,240
5c505897-b475-4359-897d-b064bdb9feef,Manhattan,"8 AVE @ 44 St",352,240
5920b7ab-9e05-429f-971a-b235f3ea8dd9,Staten Island,"Amboy Rd @ Nelson Ave",352,240
8c1ea3b6-0db6-4222-ba50-2545f8f82d71,Manhattan,"Hudson St @ Erickson Pl/Beach",352,240
0a49d947-2a5b-498d-a386-2cef5ce883fa,Manhattan,"50 St Btwn 8 Ave & Broadway",352,240
52b1ec32-8603-41e1-af1f-b1e1e33752cb,Staten Island,"Drumgoole Rd E @ Arden Ave - quad - Ptz - 1.130",352,240
06d36cfe-a331-4cfd-8ff1-84e4d711e418,Manhattan,"E 63 St @ QBB",352,240
1927b469-e2dc-4943-a70c-e6e52fd4c48c,Manhattan,"Broadway @ 46 St- Quad South",352,240
3c079db6-117c-4e79-94ed-5178c1517091,Brooklyn,"Prospect Expwy @ Prospect Park W @ 19 St",352,240
4bd443cf-374f-493b-a99e-5f7ef81bb62c,Manhattan,"3 Ave @ E 88 St",352,240
1f0cfaad-4c0a-46e8-a5e3-f206d83a875d,Manhattan,"Delancy St @ Essex St",352,240
1dddf912-4718-4b2a-94dd-1f793a9ed22c,Manhattan,"6 Ave @ 49 St",352,240
1b2c9e6b-8c35-47a2-aa60-fdd688cb61bf,Queens,"Woodhaven Blvd @ Union Tpke",352,240
2b391c96-b487-4e60-81ad-784766fa48da,Queens,"LIE @ Marathon Pkwy",352,240
57e5f44a-4515-4bc2-877b-e6373fce5a66,Queens,"Queens Blvd @ Union TPKE",352,240
18afd744-f7ce-41c2-98d1-93e87929f627,Manhattan,"2 Ave @ E 110 Street",352,240
7384e16f-2921-4b14-b5a8-15cf58ef7ef0,Queens,"C5-BQE-31-EB_at_54th_Ave",1920,1080
3a3cf44d-6c42-46fb-b774-1441a8582076,Manhattan,"Canal St @ Hudson St",352,240
10299e9d-efa0-4b1c-8b25-ce6e1657bc1b,Brooklyn,"C2-GE-06-WB_at_63rd_St",640,352
dce301aa-b937-4041-b9fc-960abcd79178,Manhattan,"Varick St @ Laight St",352,240
53295394-387c-4a43-b472-52494ac8122e,Staten Island,"Drumgoole Rd E @ Bloomingdale Rd - quad - ptz - 143.26",352,240
5ea363ef-b9d6-4863-967a-0b4ba9cb0bf5,Brooklyn,"Flatbush Ave @ Aviator Sports & Golf Club",352,240
11ce0ee6-349b-4120-a66e-6299d28915f5,Bronx,"3rd Av. @ E 156 St.",352,240
26b347aa-b8c0-4539-b061-87c8a6472d04,Brooklyn,"Ocean Pkwy @ Kings Hwy",352,240
e38fd7b8-c074-4b6e-bc52-4dd932145239,Manhattan,"Rockefeller Plaza @ W 50 St",352,240
0f12dfd0-76dc-4b34-80ee-b10ceeb84058,Manhattan,"2nd Camera South Bound BPU-148.57",352,240
b6ce5739-ca1f-4a8d-bfd7-5979d6ff6dfc,Manhattan,"2nd Camera North Bound BPU -148.52",352,240
2b4ed602-312d-4f31-a531-153ac33b4d87,Brooklyn,"Gowanus Expy @ 49 St",352,240
1c51b3ec-3d29-4025-928d-4e182e7c0bd5,Brooklyn,"Grand Army Plaza",352,240
2d1a4d63-7755-4a4f-bce2-79a24bd212bc,Staten Island,"Victory Blvd @ Christopher/Lamberts La - quad - ptz -131.3",352,240
7dbe41f8-0ec7-416c-9281-65bbff3a8d76,Queens,"Rockaway Blvd @ Guy Brewer Blvd",352,240
23994d9e-7e59-4808-8d47-405f779d19cf,Manhattan,"1 Ave @ 14 St",352,240
2be7f4d2-3a72-45ba-95ad-b526643ef248,Manhattan,"West Street @ Intrepid",352,240
10a4be9a-8a1e-4b0c-84c3-b51c887b5e27,Queens,"Northern Blvd @ 48 St",352,240
023cc794-4600-4c02-91e7-4603597172e1,Brooklyn,"Wythe Ave @ Williamsburg st w",352,240
42e78c2b-3c70-47dc-8685-f1b5eca3deb5,Brooklyn,"C2-BQE-30B_W_at_Stewart Ave",1920,1080
311a7ce2-4648-45f7-8b69-32709361adb7,Manhattan,"1 Ave @ 96 St",320,240
04589f46-2429-4e26-ad46-12a1198e9a9c,Manhattan,"6 Ave @ West Houston St",352,240
5674d0ea-703a-43c3-bea7-2b372d1eb00b,Manhattan,"2 Ave @ 72 St",352,240
c18f480c-e7a9-494b-b435-26adb0d9f881,Brooklyn,"C2-BQE-29_WB_at_Morgan_Street",720,480
c361e170-2da7-4e96-9546-296e766b37ad,Queens,"Queens Blvd @ 39 ST",352,240
482e6d35-2a67-4bbf-b36f-fdf7e031d607,Manhattan,"5 AVE @ 50 St",352,240
23cb2c44-1a40-4950-a914-ee7f1390553c,Staten Island,"West Shore Expy @ Arden Ave",352,240
fcc24aa5-4da0-48f2-aa43-e70e4677517c,Manhattan,"6 Ave @ 23 St",352,240
98c2de4e-fa0c-41d0-b1ea-6d1df833d792,Manhattan,"Allan St (1 Ave) @ Houston St (B)",352,240
38c07664-0329-471e-997f-6a9015a5bcef,Manhattan,"1 Ave @ 124 St",352,240
989b2f37-3fd6-4ccc-bcb5-ea2199bd2645,Brooklyn,"BQE @ Sands St (westbound) - video detection",352,240
4d92ff93-b8cd-4bec-a70b-91b4cfb75857,Staten Island,"C3-MLK-03_NB_at_Walkr_St-Bayonne_Br",720,480
316320b7-ff9c-44d4-b135-c780ee698eeb,Queens,"Long Island Expy @ Exit 29",352,240
10c5f42d-6b32-4533-9c35-5715af4e4c76,Manhattan,"3 Ave @ E 86 St",352,240
3c1e0011-7dbc-4bc9-af2d-e9347754bf91,Queens,"Myrtle Ave @ 79 Lane - 73.74",352,240
3c39ff3e-a81c-4f92-9a96-7861aa244fda,Manhattan,"BB-43 North Rdwy @ Center Expansion Jt",352,240
1a64aa06-3f40-4f0e-b752-09ec44415ac0,Queens,"C5-VWE-25-NB_at_GCP-Intr.-Ex14",720,480
67a4769b-dfb2-4a0d-9605-114df107646c,Manhattan,"West St @ West Houston St",352,240
2b06cd6d-e698-4c1a-b306-6827fb19ced7,Brooklyn,"BQE @ BELT PKWY Ramp & 60 St",352,240
2a0ec6ff-9284-466a-9785-9f6df84ea4cf,Bronx,"Fordham Rd @ Hughes Ave",352,240
28880add-7b37-4d5f-8414-ad32aaab6c13,Queens,"Beach Channel Dr @B 101 St",352,240
5d1261df-ddca-435a-9292-a0474c44c104,Queens,"Woodhaven Blvd @ 91 ave",352,240
5c4582a7-6492-41ac-9bac-fa872878117b,Manhattan,"West st and Fulton",352,240
2fe54994-17f6-499d-a3ab-8c6dc9dbda9e,Brooklyn,"Atlantic Ave @ Bedford Ave",352,240
214340ac-8243-4820-b924-f36caff361e2,Manhattan,"2 Ave @ 36 St-Midtown Tunnel",320,240
40ffec9e-3d55-454f-927e-6a602869a451,Queens,"Northern Blvd @ Parsons Blvd",352,240
4d39d6d1-a009-480f-9851-2571a5df1174,Manhattan,"Amsterdam Ave @ 181 St",352,240
097a7d75-1c6f-4817-aa34-1de4bb9202f4,Manhattan,"MHB-23 Manh LRDWY @ Twr",352,240
1d799f04-00cb-4ac7-a8bb-f090b750dee1,Staten Island,"Victory Blvd @ Richmond Ave - quad - ptz - 130.146",352,240
5a9ebe48-fb36-4de7-8666-f50de83c7941,Brooklyn,"Flatbush Ave @ Nostrand Ave",352,240
97ace0b4-fcd2-4c3a-8c05-dbf73639ead3,Queens,"Crescent st @ 39 Ave",352,240
25ad72fe-e74c-49af-b4c0-34c9eac14655,Manhattan,"Canal St @ Greenwich St ( Holland Tunnel )",352,240
08c57946-9560-49b9-97a5-43dc5b74fd86,Brooklyn,"Cadman Plz E/Washington St @ Prospect St",352,240
5654d38e-e305-4119-8cd9-8a7bba65460b,Bronx,"Pelham Pkwy E/B @ Boston Rd",352,240
2e0d5197-6073-411f-9d1a-326b30841679,Brooklyn,"Flushing Ave @ Williamsburg W St",352,240
86d418ab-10bc-4b73-a283-153abffabb0f,Manhattan,"West st and West Thames (Battery tunnel)",352,240
37bb364c-7288-4481-a17d-0ba244d30baa,Queens,"Rockaway Blvd @ Baisley Blvd",352,240
52f3d48e-3bb4-4c83-bec2-1fb664d56501,Queens,"Qns Blvd @ QnCnt Mall",352,240
67ef8775-026c-4152-8a81-c7251e0677ca,Queens,"Northern Blvd @ 161 St",352,240
7a0d9e49-875c-4c25-a92b-3d239de40d43,Brooklyn,"Old Fulton St @ Prospect St",352,240
6316453d-6161-4b98-a8e7-0e36c69d267c,Manhattan,"2 Ave @ 74 St",352,240
98b37dd5-bd64-4ace-add0-37f5135df600,Manhattan,"St Nicholas Ave @ 125 St",352,240
4d84b5d0-c9da-4916-8b0d-4f3d573d3509,Brooklyn,"Old Fulton @ Vine St @ Hicks St",352,240
1e627100-9bce-4e78-bcd3-736344a2236c,Manhattan,"FDR Dr @ Brooklyn Bridge Exit NB",352,240
575d8f33-7923-4ec6-983e-82c58efd8110,Bronx,"Cross Bronx Expy @ Arthur Ave",352,240
4ab788f8-4a07-4604-a1f6-f47ce72ea01e,Bronx,"Major Deegan Expy @ Macombs Dam Bridge",352,240
4678c08d-9b89-4dd4-9fa0-234412822bb7,Staten Island,"C3-MLK-02-NB_at_Forest_Ave-Ex11",720,480
7b84a612-a340-49ae-b3e8-1c558049cb3c,Brooklyn,"Sands St @ BQE Ent",352,240
4334f995-5cae-4725-b7d2-ccaf72447237,Brooklyn,"Washington St @ Prospect St",352,240
8f692f55-8118-423b-8bcb-1ea49eaf442b,Manhattan,"2 Ave @ 42 St",352,240
2293205b-2b15-44da-8220-6833a13c5a80,Brooklyn,"Ocean Pkwy @ Church Ave",352,240
421960d6-54a8-4f12-a5ee-7a07390def4c,Manhattan,"MADISON @ 57 ST",352,240
401c14c4-516f-48af-ad5d-fc36ddcff149,Queens,"C5-VWE-28-SB_at_67th_Rd-Ex11",720,480
02ac2943-68f1-478d-b8d5-148a97e77e27,Staten Island,"C3-KWV-01-NB_at_Tyrllan_Ave-Outrbr",720,480
353368c2-7307-4923-a86b-5d7e6e0d0e6a,Staten Island,"C3-SIE-04-WB_at_Lambert_St_Ex6",720,480
61890a52-c90e-41a1-b032-d5c6f39746d9,Manhattan,"7 Ave @ 145 St",352,240
957fc40e-675c-4121-a3bc-ca3c0a246831,Manhattan,"10 Ave @ 49 St",352,240
5bcf06f4-dbf0-4c7b-b6f3-241aea4e92c6,Queens,"Hempstead Ave @ Springfield Ave",352,240
c8b15922-4262-459a-85d5-17442ec9c54f,Bronx,"C1-MDE-09-SB_at_Depot_Pl-Ex7-CBX",720,480
6029af32-7e3c-412f-804e-b34166300799,Bronx,"Pelham Pkwy @ Stillwell Ave",352,240
5beee073-18a8-4349-af6b-75eff7a78371,Manhattan,"Church Street @ Vesey",352,240
8ee72946-49e0-4f49-991d-4f52b1206ed7,Manhattan,"Broadway @ 6 Ave / 33 St",352,240
9f118098-cee3-4964-8630-b932c94f70a3,Bronx,"Under Cliff Ave @ Boscobe Pl",352,240
557af346-2f9f-4306-8388-3974b7a49e4d,Queens,"Crescent st @ 41 Ave",352,240
247c548c-da8e-45fc-8183-6f82be28edee,Queens,"Clearview Expy @ 35 St",352,240
1c6033e3-3872-41ce-9fc2-12fbddcfd7e6,Staten Island,"Hylan Blvd @ Midland Ave",352,240
6ac8b6d3-62c8-4077-a0a6-f66d922376eb,Brooklyn,"Grand St @ Bushwick Ave",352,240
8645493f-d08c-4c0e-a572-b40f5fbeec56,Queens,"Van Dam St @ 48 Ave",352,240
6a85384f-d82e-4bff-b5f1-15c22cca70e6,Manhattan,"8th Ave @ 33rd St",352,240
9dbb3101-9918-4b61-946f-a34d7c7c662b,Manhattan,"East Houston St @ Ave B",352,240
1ede87de-aba2-45bb-a792-cadf59eb792e,Staten Island,"C3-WSE-04-SB_at_Rossville_Ave-Ex4",720,480
69278f3b-9d11-4256-8ef7-70c02a01bfc2,Brooklyn,"Pennsylvania Ave @ Flatlands Ave",352,240
6a5f91d8-042f-4678-a722-2c3c560dedf2,Brooklyn,"Wythe Ave @ North 12 St",352,240
9bd74b87-32d1-4767-8081-86a2e83f28f2,Manhattan,"12 Ave @ 42 St",352,240
6dd4b946-8704-4690-aa87-017a19e778c5,Queens,"Woodhaven Blvd @ Jamaica Ave",800,450
a2d92e4b-f041-4bd4-9f13-3ece7451a752,Staten Island,"C3-SIE-05-WB_at_MLK-Int-Ex9",720,480
0267c1e2-6eaf-49d4-a063-df89e9242993,Manhattan,"FDR Dr @ 79 St",352,240
db5f8b82-99b1-45f3-a520-7d1f91d0a49a,Manhattan,"1 Ave @ E 14 St",352,240
1da7a29e-9993-4b93-b13a-e29b40c2069d,Brooklyn,"C2-BQE-04_WB_at_Sackett_St-Ex26",640,352
40961631-fb83-4f48-8ffb-3385448d4e5f,Brooklyn,"7 Ave @ 18 St",352,240
699cc803-c1db-4307-becf-9604a45c7c5c,Brooklyn,"McGuinness Blvd @ Bayard St",352,240
cc6c54fa-43fb-4484-a598-20feea2adb89,Queens,"Queens Blvd @ 36 St",352,240
a409e9bd-6a0f-4cdc-81d8-290d5709dc74,Manhattan,"FDR @ 38 St",352,240
27cc1c4b-fb4a-41b3-845c-8fd9e2fa0a2c,Queens,"Woodhaven Blvd @ Park ln",352,240
5ed9017b-c053-4c5e-b858-752516683ada,Manhattan,"Dyer Ave @ W 36 St",352,240
7609996b-ec61-4c06-bb58-c9aa93c65b80,Brooklyn,"Grand St @ Graham Ave",352,240
7a6da464-d347-438c-b599-818760cc218b,Manhattan,"11 Ave @ 49 St",352,240
2a0021de-869a-4a31-b151-0be7f78d9c05,Manhattan,"MHB-17 Manh LRW @ X OVER",352,240
6e9a1a7e-63ad-4cab-b14a-1864040409fb,Staten Island,"Hylan Blvd @ Richmond Ave",352,240
7d10cfbb-0465-4958-90fc-ddd5349d6635,Manhattan,"West St @ Canal St",352,240
7a183d27-7c22-4014-ac9a-726efa472c79,Queens,"Northern Blvd @ Bell Blvd",352,240
0ff11926-fcf0-4e3b-8aea-ffc0ea4f2228,Manhattan,"West Houston @ Hudson St",352,240
08e77bd0-c673-4303-b772-243fdee28d6c,Manhattan,"BB-28A Manhattan Tower North",352,240
7033b4d2-13e5-4405-ab86-da33c12734c3,Queens,"BQE E/B Ent. Ramp @ Broadway",352,240
17855127-7fe2-45d4-920c-ed14e80ec4d7,Manhattan,"Third Ave Bridge",352,240
879ab924-18ac-4779-a681-395d73a0f0cc,Manhattan,"Madison Ave @ E 44 St",352,240
7be9623c-4f70-4815-bc54-5f0411491b83,Staten Island,"Narrows Rd South @ Fingerboard Rd",352,240
b5b12361-b5b6-483f-a76e-b6cf98e06694,Queens,"C5-BQE-37-EB_at_41st_Ave",720,480
74fcddb5-5030-4be4-864c-e315e58b86f4,Queens,"Long Island Expy @ Douglaston Pkwy",352,240
16de4b9a-83fe-4d11-91cd-d775cc1e559c,Manhattan,"FDR Dr @ 111 ST",352,240
7d06c900-a5e5-49ca-96b9-93a0662a2069,Brooklyn,"Belt Pkwy @ Verrazano Bridge",352,240
6c2996f1-3d8f-44a9-8ce0-a827ae8d3680,Manhattan,"FDR @ 145 St",352,240
3f85b7f5-564d-4098-9ffd-580ab6f88ed5,Queens,"Hempstead Ave at Jamaica Ave",352,240
4355c2af-b181-4cc2-98ef-cec3b1475c51,Staten Island,"Veterans Rd @ Bloomingdale Rd - quad - ptz - 0.130",352,240
4f3f56e3-f68e-4b60-a4ba-153ecb9094f7,Manhattan,"6 AVE @ 50 St",352,240
08c40d18-cacf-4139-aa64-ba8f8602af53,Queens,"Northern Blvd @ 82 St",352,240
7cfc551d-403d-46a8-aa74-89f472b7136b,Manhattan,"Broadway @ Battery pl",352,240
9565e94d-66f2-4965-9c13-82d5500d6cfd,Manhattan,"Broadway @ 42 St",352,240
49a571bf-f15e-4726-9937-aadde6c837ba,Queens,"Queens Blvd @ 48 St - 52.130",352,240
33dda383-4778-48ee-97e7-abcd68b5d365,Brooklyn,"BB-64 South Rdwy @ Bklyn Twr Side Sapn",352,240
0b0cbcfb-7c14-4b94-8bac-be494472c396,Manhattan,"Amsterdam @ 86 St",352,240
38580316-60fc-4adf-a04a-87fc8cf523ad,Bronx,"Bruckner Blvd W @ Castle Hill Ave",352,240
bfcb2b32-7ae7-4060-a39b-80f71a1db289,Queens,"QBB UL @ Queens Pier",320,240
7efa7790-bbec-4118-bae4-ddb390d0eaa8,Brooklyn,"C2-BQE-13_WB_at_Middagh_St-Ex28A",720,480
261853c1-91c6-4007-9d52-ed530d1a826a,Staten Island,"C3-SIE-15-EB_at_Fingerboard_Rd_Ex15",720,480
bf8404ae-6ab7-47a1-8b3e-2f57f537a71f,Manhattan,"5 Ave @ 96 St",352,240
3f32e246-a88d-4b87-995f-b9dad6a092b1,Brooklyn,"Prospect Expy @ 3rd Ave & 4th Ave",352,240
4048d465-2272-446e-bccb-c49ea6d62bd3,Manhattan,"FDR Dr @ BPU Entrance",352,240
cda76289-afd2-498e-a0e9-420a1854c38a,Brooklyn,"Flatbush Ave @ Fulton St",352,240
28107d1c-08da-4cd3-9777-09471ca30225,Manhattan,"Henry Hudson Pkwy @ 96 St",352,240
3cede892-0c4e-47ac-9a1a-1c837e9753c4,Queens,"Beach Channel Dr @ Beach 69 St",352,240
43e3d020-e4f2-4599-a19f-72ae778f1dcd,Queens,"C5-LIE-02-EB_at_27th_St-Ex15",720,480
3546896d-d4c6-4966-8a43-2fe62e26526f,Manhattan,"E 8 St @ Lafayette St",352,240
4053642d-dd92-4045-ac55-069110659563,Bronx,"Crotona Pkwy @ Cross Bronx Expwy",352,240
36b00c79-b2a0-49d3-800a-42b7db1847a8,Queens,"Jamaica Ave @ Sutphin Blvd",352,240
21add4fd-bf30-404e-a2ff-18b16688fe0d,Queens,"C5-GCP-12_WB_at_69th_Rd-Ex11",720,480
858ef4e8-5058-4db2-96e2-70f71b65aa24,Queens,"GCP @ 166 St",352,240
8188de4c-c144-4897-bee4-767022b832e9,Brooklyn,"Grand St (Borinquen Pl) @ Union Ave",352,240
89f83119-67ea-4395-9402-66cc19f5d57b,Queens,"Farmers Blvd @ N Conduit Ave",352,240
ac1d2a7e-8e7e-4dd7-9e4e-d43f531f04af,Queens,"Belt Pkwy @ 130 St",352,240
bff66919-97a3-47ca-b16d-ca07ff93a546,Manhattan,"Lexington Ave @ 23 St",352,240
6eee8e60-805b-403c-9c82-bac9e60d9cd9,Bronx,"C1-BRE-09-SB_at_Lasalle_Ave-Ex7C",1920,1080
4ec4d8da-6dcb-444d-b33a-096a7d07bb51,Queens,"Metropolitan Ave @ Fresh Pond Rd",352,240
041f8f94-fcf8-4860-9a5d-c81fb5c97501,Bronx,"Major Deegan Expwy @ 230 St",352,240
4b601090-d552-4c2c-804f-1360305f3dd5,Brooklyn,"McGuinness Blvd @ Greenpoint Ave",352,240
1b127707-c45a-40d6-b0d3-8a76d3de6053,Queens,"Roosevelt Ave @ Parsons Blvd",352,240
7badcb3f-7cb5-4fa6-90fd-40c3b6c40eac,Bronx,"Bronx River Pkwy @ Wakefield Ave",352,240
5efba010-6a58-4df5-ae2c-ef1eda48fad0,Manhattan,"West street underpass entrance",352,240
3fd80992-482b-4e88-ad7f-8c74690a8d37,Brooklyn,"BB-26 South Rdwy @ West of Manhattan Twr",352,240
89177410-fe37-46fa-8021-5951e3d443c0,Brooklyn,"Columbia St & BQE ENT and EXIT",352,240
90775fd8-1c70-42f1-aee1-594db85be7ba,Queens,"Clearview Expy @ 26 Ave",352,240
4476f829-989d-4618-bef1-2ecb5dce4a5c,Staten Island,"C3-WSE-09-SB_at_Meredith_Blvd-Ex8",720,480
02d7db8e-481d-477e-9cdb-a2b6c6ec1ca3,Manhattan,"2 Ave @ E 14 St",352,240
4bb3c648-45f8-4134-9ac8-fb56f2f851fa,Staten Island,"West Shore Expy @ Rossville Ave",352,240
24c402b2-915d-49f8-9529-f723a171c134,Manhattan,"FDR @ Grand St",352,240
6d42b7fb-604b-4172-b35d-c0556c5d3fcf,Brooklyn,"C2-BQE-20-WB_at_Wythe_Ave-Ex31",720,480
4d85c576-4313-4562-8eb5-0d9773ea2bf1,Bronx,"C1-CBE-06_N_NB_at_Weeks Ave-Ext02B",720,480
936d479d-402f-468a-b1c6-b2c2a68a0b4c,Manhattan,"Harlem River Dr Ramp @ Before GWB & Amst_179St Exit",352,240
180dcc87-d861-43e3-8898-9ad5ee1a26a9,Manhattan,"Lexington Ave @ 57 ST",352,240
57a8e506-1b7d-4a44-94c2-5cb2a4d31b21,Queens,"Roosevelt Ave @ 79St",352,240
58ca7f66-a60c-4b2d-9cb5-a68e8ac545ac,Manhattan,"Varick st @ Broome st",352,240
5e7535c0-fee4-4989-8481-0addea488020,Staten Island,"Hylan Blvd @ Huguenot Ave",1920,1080
97315cc7-688a-4139-93de-4c58c59fbede,Staten Island,"Staten Island Expy @ West Shore Expy",352,240
167fabd4-70d7-4b74-add4-8cc077efe3f6,Queens,"East 21 st @ QBB Upper Roadway Exit Ramp",352,240
0b4bd3d3-1741-49b3-87cc-d0960fa5f424,Manhattan,"Lexington Ave @ 34 St",352,240
00077ee3-2c13-4674-adbd-a51b3484b0be,Brooklyn,"MHB-30 @ BRK S URW @ TWR Walk Way",352,240
63930c04-926c-4730-821e-95b486513843,Manhattan,"RT. 9A @ N. Moore St",<nil>,<nil>
936e562d-df76-4120-b2b6-112bc450aa94,Brooklyn,"Belt Pkwy @ Pennsylvania Ave",352,240
5f91d1f5-bc11-44dd-a6a5-a36435ed680c,Queens,"Long Island Expy @ East Hampton Blvd",352,240
69cc3528-455a-47a5-85c5-6f6a954d45f6,Queens,"Woodhaven Blvd @ Hoffman Dr",320,240
48cd1b5b-f361-4683-9d83-492d4789d7ea,Manhattan,"Grand St @ Allen St",352,240
69833518-8972-4147-b518-2ab15dfe1b24,Queens,"LIE ( S S/R ) @ Kissena Blvd",352,240
cea3d6a8-b248-441a-8acd-188ffa5ea630,Staten Island,"C3-SIE-06A-E_at_Crafton_Ave_Ex10",720,480
7d1db29e-90a9-4027-b1fc-6e6af4f4f0d9,Staten Island,"Narrow Rd N @ Richmond Rd",352,240
22df28bd-413a-4847-9bb7-35a36c914264,Manhattan,"1st camera North Bound BPU -148.51",352,240
21dd2187-79ff-4cf9-bc11-055a04cdfb3f,Queens,"C5-LIE-08-EB_48th_St_LL-Ex16",720,480
52399045-4691-4258-8f82-12000f5719a8,Queens,"Jamaica Ave @ 168 St",352,240
86bdee28-1c05-4ead-900a-f252043e6029,Queens,"Grand Central Pkwy @ Parson Blvd - 102.50",352,240
894dd92a-90a3-46d5-a996-4ddb2b6091cc,Bronx,"Soundview Ave @ Lafayette Ave",352,240
9b57d5a0-d4fb-47ab-8df5-1d093228189e,Staten Island,"West Shore Expy @ Bloomingdale Rd",352,240
30bcfac8-ebd1-40c7-ae4c-1d93113bd465,Manhattan,"BB-21 North Rdwy @ Above South St",352,240
9fda4742-9a18-4a32-b090-8825b201f0d5,Manhattan,"FDR Drive @ 124 St",352,240
7e36617c-4210-4371-90df-89cfc2d25df2,Queens,"Van Dam St Bet. 48 Ave & Hunter Pt",352,240
2d59011b-a99e-45a1-85d9-1fe127b19fad,Brooklyn,"WBB #25 SIR 4 @ Bklyn Twr",352,240
9bb33444-d2ec-47bd-952a-174f87013736,Manhattan,"7 AVE / ADAM CLAYTON POWELL BLVD@ 125 St",352,240
6a49e889-4397-4c5a-a942-2225c1f1c5e7,Manhattan,"C4-WST-07-Med_at_W.23rd_St",720,480
08922d10-ec77-4e36-aa87-962ebfc39212,Staten Island,"C3-SIE-08-EB_at_Bradley_Ave-Ex11",720,480
2aed4b42-b46e-4f27-9cf9-d1d72ee5f036,Staten Island,"C3-WSE-08-SB_at_Victory_Blvd-Ex7",1920,1080
5cc1f365-af4a-48be-8819-8f12e18725a3,Brooklyn,"4 Ave @ 38 st - 179.90",352,240
8ff75339-6269-457e-8fb0-55af56997c5b,Queens,"C5-LIE-22-WB_at_163rd_St-Ex25",1920,1080
9bdd7740-762f-48e9-b40c-3db03c2a43f5,Brooklyn,"Belt Pkwy @ Ocean Pkwy",352,240
3486cafa-aab2-418a-baa4-89dcc438e8c9,Manhattan,"5 Ave @ 23 St",352,240
3a3d7bc0-7f35-46ba-9cca-75fe83aac34d,Manhattan,"5 Ave @ 34 St",352,240
089d8066-4e5e-4549-9496-a5f4ffb56ef5,Brooklyn,"7 Ave @ 9 St",352,240
a01a8c98-d314-4eb4-b97c-4a4f80d71c4b,Queens,"Seagirt Blvd @ B 32 St",352,240
35a808cf-7e4d-4ca5-891d-36ac48518662,Manhattan,"West Side HWY BPU Entrance -148.54",352,240
8cd15417-5b79-4065-9165-4b6ff0ff3f53,Manhattan,"Broadway @ 46 St- Quad West",352,240
cf034f0c-de3f-44ba-be1b-51f135d7d665,Brooklyn,"C2-BQE-26-Cntr_at_Grand_Ave-Ex32",720,480
88278063-8891-4144-9295-f5dc9a94d2ea,Brooklyn,"3 Ave @ 60 St",352,240
a40475d9-6266-4f92-b695-bb6addd39892,Brooklyn,"Flatbush Ave @ Ave U",352,240
523499eb-29b7-4ab9-a2a7-4b7f7836f311,Queens,"Rockaway Blvd @ Division St",352,240
7faf5dd7-7f16-48c2-a35e-fee36f3da7d4,Brooklyn,"3 Ave @ 63rd St",352,240
90361876-3521-4aa4-a924-701716d5d506,Brooklyn,"C2-GE-01-WB_at_92nd_St-Vrrazano_Br",640,352
9fa5b0dd-e955-449e-97e1-9c53ad9c23a8,Queens,"GCP @ LGA 94 St Exit",352,240
36ff050c-ba9c-4920-beaf-ea3b02f2cde5,Bronx,"Bronx River Pkwy @ East Gun Hill RD (NB)",352,240
a23d8461-9d7c-4e11-a392-777ef35b48ba,Queens,"Northern Blvd @ Little Neck Pkwy",352,240
a10cbaf4-ea20-4a01-93a3-b338cd92370b,Staten Island,"Richmond Ave @ Wainwright Ave - quad - ptz - 0.146",352,240
6a896a3f-45cc-4611-86aa-5ded034217ea,Brooklyn,"Cadman Plz W @ Prospect St - quad - ptz - 1.2",352,240
1d5b7624-9334-4348-8119-4d0221988d24,Bronx,"Boston Rd @ Claremont Pkwy @ Wilkins Ave",352,240
3869bbbf-b9ce-4157-a6e6-9040f1540827,Staten Island,"C3-WSE-01-NB_at_Englewood_Ave-Ex2",720,480
a6095c69-aef9-4a64-8091-9a2cb8645ee7,Queens,"Main St @ LIE N S/R",352,240
73b66e92-508f-407c-bada-883ab992fde0,Manhattan,"Broadway @ Vesey St",352,240
311fa910-d8d6-4dde-acd4-ebaf275eba77,Brooklyn,"Atlantic Ave @ Hicks Ave - quad - ptz - 165.202",352,240
7740c40a-5250-4692-9a1a-c4326dc7d508,Queens,"Astoria Blvd @ 82 St",352,240
bfcd953c-3faf-48ea-a49a-848c706399b6,Staten Island,"Narrows Rd South @ Hylan Blvd",352,240
56fafa1b-3a26-49de-a6c0-1e6f804a1b0c,Brooklyn,"C2-GE-14A-WB_at_Cole_St",720,480
a67d1358-ca36-4f9a-a432-056361f7c904,Staten Island,"Hylan Blvd @ Seaview Ave",352,240
6b81f2fd-acf3-4af2-adc1-42250156ece8,Brooklyn,"Flatbush Ave @ Tillary St",352,240
7374a49f-373d-479a-b630-52bd07639260,Queens,"Roosevelt Ave @ Elmhurst Ave",352,240
a7ea0f7b-b44a-4dee-af25-e37820845eac,Queens,"Nassau Expwy @ N. Hanger Rd",352,240
a4fa36ac-f546-4ec1-b579-135f0ab204de,Brooklyn,"Gatling Pl @ 86 St - 186.2",352,240
282429c3-3f55-4fa6-bca2-b128262699d4,Queens,"QBB LL CM @ 11 St",352,240
15c0758b-5c9a-4841-8514-c04bc7320c70,Bronx,"NB Cross Brx Expy-Webster Av Exit ramp @ E 174 St & Cater Av",352,240
aacb43bf-ed37-44c6-a2fe-8449a7851306,Manhattan,"5 Ave @ 35 St ",352,240
96be7098-dda4-42da-bfe2-55bc5c6b94fb,Manhattan,"Baxter St @ Canal Street",352,240
ae88c4d8-5638-4f90-bbdb-e15999936d31,Queens,"Astoria Blvd @ 94 St",352,240
2cde9c13-0146-4d4a-8d26-b6e7d34d9eec,Queens,"C5-BQE-39-WB_at_Broadway-Ex40",720,480
b03d3f18-928f-4fcf-b0f5-bbd18314f492,Manhattan,"12 Ave @ W 49 St",352,240
bedbc19d-977d-40b6-ba48-01c5454bea69,Queens,"College Point Blvd @ Sanford Ave",352,240
a7611e0c-1028-4975-b94b-14e75ec0b217,Queens,"Grand Central Pkwy @ Springfield Blvd - 0.98",352,240
e38e3af7-19e6-4c8d-aa05-a21c8d5a7b29,Bronx,"C1-BRE-10-NB_at_Middle_Twn_Rd-Ex7C",1920,1080
0acd4543-183d-40c7-993e-e39eb831de0b,Manhattan,"QBB LL CM @ York Ave",352,240
a8b56a8b-1451-4290-9d8f-c770f80c855a,Queens,"Northern Blvd @ Francis Lewis Blvd",352,240
951e899e-bc73-4bef-ad6a-feaeaa17e9c9,Brooklyn,"Ocean Pkwy @ Ave I",352,240
ab0daf96-702f-4f07-8b8f-08264e0051ee,Staten Island,"Narrows Rd South @ Lily Pond Ave",352,240
6851bbf7-e079-4379-b021-e5c7dafcb8c9,Brooklyn,"8 Ave @ 9 St",352,240
42446823-2f5a-4db0-a99e-3766d0822485,Bronx,"Bronx River Pkwy @ E Gun Hill RD",352,240
aa857aaf-dd05-46e7-9091-a6c8596a3fbf,Queens,"S Conduit Ave @ 150 St",352,240
beda95e2-f7d1-43a3-9a8b-7ab89e03f296,Manhattan,"FDR Dr @ Catherine Street",352,240
0c9a2836-c408-48d3-85c7-1977c33d9133,Manhattan,"Broadway @ 46 St",352,240
789b70ea-f0f9-4e61-b72d-e4bf79fd2218,Queens,"Cross Island Pkwy @ Clearview Expy",352,240
aacbd8a1-56b6-4757-b0b0-1bea396469c6,Manhattan,"11 Ave @ 34 ST",352,240
43d53907-8b02-4793-8b0c-c816c9cf979a,Staten Island,"C3-WSE-10-SB_at_South_Ave-Ex8",720,480
a65f8b8a-c0ba-4138-81a5-783ba837490d,Bronx,"Major Deegan Expwy @ 225 St",352,240
434094f8-1be4-4c19-8067-1e11049e46b4,Manhattan,"Madison Ave @ 46 St - Manhattan",352,240
43bb4857-e86e-4775-916e-6b26cedaf554,Manhattan,"Broadway @ 125 St",320,240
a4417c97-9878-4b98-902f-58860d63e7cb,Manhattan,"WBB - 11  NIR-5 @ East of Manhattan Tower",352,240
433c7f12-86e0-41ea-bb29-781bef1b2444,Brooklyn,"C2-BQE-30-EB_at_Stewrt_Ave_Kosc-Br",720,480
b0cbb042-de0a-449f-b5d1-49f68a9bf2ae,Manhattan,"7 Ave @ 36 St",352,240
8437bc26-9eb8-4915-93f7-f8ea4170e739,Manhattan,"9 AVE @ 14 St",352,240
b0670166-0aa0-4f93-a6f6-8bf07a9ea663,Staten Island,"Morningstar Rd @ Richmond Terr.",352,240
b6558fc0-d62b-4b25-b7aa-6b592bde2c44,Brooklyn,"Flatbush Ave @ Marine Park",352,240
b08600e6-7189-4104-a484-709dc81a3fa7,Queens,"Grand Ave @ Hamilton Pl",352,240
2334b7bd-a237-4bf5-9224-5241bd4ee29e,Manhattan,"WBB-6 South Rdwy @ Delancy St and Clinton St",352,240
03051d28-db9c-4527-97c7-0bb3f35e7cef,Brooklyn,"C2-BQE-11-WB_at_Furmn_St_UP-Ex28A",720,480
b6cd1640-fdc3-4525-bbb4-f148699876df,Bronx,"Major Deegan Expy @Van Cortland Pk S",352,240
d766db98-8b2c-406a-b0ea-f437e2216157,Brooklyn,"Smith St @ 9 St - 170.106",352,240
a9979a0c-71f2-4f5e-a87c-4d29c1104d5c,Manhattan,"WBB-6 North Rdwy @ Delancey St & Clinton St",352,240
b43f6602-fb0f-4eb4-a019-ac7101aab067,Brooklyn,"Tillary St @ Gold St",352,240
bc2fd2da-1d56-46fa-a1ab-8674fac93877,Manhattan,"7 Ave @ 43 St - 64.186 - PTZ",352,240
46181c0e-f2ae-4daa-8a94-74dd5b2bbc19,Manhattan,"QBB NOR @ York Ave",352,240
fcd793fc-d600-40a6-949b-b168d96368fd,Queens,"LIE @ Oceania St",352,240
ba3d9734-3871-4d49-b46b-88d88dd96e71,Manhattan,"AVE C @ 23 St",352,240
cb94f806-6014-496b-960b-9f747109980e,Queens,"Rockaway Blvd @ Brookville Blvd",352,240
45cb119b-0e4a-442e-9410-b810ab8c255d,Manhattan,"7 Ave @ 43 St",<nil>,<nil>
45756112-04f9-429f-9754-1939e25f4184,Brooklyn,"BB-68 South Rdwy @ Above Water St/Bklyn",352,240
bf5db978-c464-44c9-ac88-af9977af4505,Queens,"Springfield Ave @ Jamaica Ave",352,240
454e566c-e3e3-4426-b91a-e0ea709e70f7,Staten Island,"C3-SIE-06-EB_at_Victory_Blvd-Ex10",720,480
494a3907-4cc7-4a77-8d6f-1b6f3ca272c5,Staten Island,"C3-WSE-03-SB_at_Bloomngdale_Rd-Ex3",720,480
a6b2c1c8-1124-4dec-aa22-c8d87f6835ec,Staten Island,"West Shore Expy @ South Ave ",352,240
ba4a1b3a-6e33-4742-a471-18f204f488ef,Brooklyn,"Metropolitan Ave @ Union Ave",352,240
bb9ce48d-0458-4493-89ad-ae51065b5796,Manhattan,"Lincoln Tun Approach(Bet. 9Av & 10Av) @ W 33 St - 3.50",352,240
140a20d7-7ae7-409c-8c18-67d6b2ef7b2d,Manhattan,"West st and Battery place",352,240
4be502c3-830e-40d3-8c39-1047d50adc9c,Brooklyn,"C2-BQE-16-WB_at_Sands_St-Ex29A",640,352
6232350a-c27c-4964-a6e8-7bd0507b6826,Brooklyn,"C2-BQE-27-EB_at_Mtrpolitan_Av-Ex32",720,480
bca4a4b0-d73f-4937-9301-85ff8293bd94,Manhattan,"7 AVE @ 42 St",352,240
19789499-03ac-45de-9401-a7a71ea60d1e,Manhattan,"7 AVE @ 44 St",352,240
4850e464-1111-4b5d-a72d-f54a0e12a789,Manhattan,"8 Ave @ 49 St",352,240
bfeb2434-fd55-4024-8172-f9602ea6ae06,Bronx,"Hutchhinson River Pkwy @ Waterbury Ave",352,240
43a4279e-de3a-4ab3-8c86-b268eb5e8848,Brooklyn,"Flatbush Ave @ Fillmore Ave",352,240
62174b3a-f453-4108-9eb2-48d833528a7c,Queens,"Springfield Blvd @ Merrick Blvd",320,240
3309fba1-cc5f-483a-92bc-7d85951f1558,Manhattan,"FDR Dr @ Old Slip",352,240
4f688c33-672c-4bac-bf2b-98438d464ccd,Brooklyn,"BB-25 North Rdwy @ West of Manhattan Twr",352,240
1a626331-3c36-48bd-91a5-edd930c314c0,Bronx,"C1-MDE-12-SB_at_Heath_Ave-Ex9",720,480
50725dbd-6e39-4ed0-aa3b-89f9c8feff4e,Manhattan,"FDR Dr @ 135 Street",352,240
322bbce7-5011-43b2-9e3d-54eac839a3b6,Brooklyn,"BB-54 South East Brooklyn Tower",352,240
be6b6830-b90d-40ab-98ab-9d67eb81e673,Brooklyn,"3 Ave @ 65 St - Ent. EB BQE/Gowanus",352,240
4ebe49c8-3e68-43f7-b415-da3db9f72693,Manhattan,"7 Ave @ 54 St",352,240
74bdd301-683c-4ea7-abf2-a5715dca8e17,Manhattan,"York Ave @ 63 St",352,240
b1f2ef94-28b2-4ec6-9e0b-1f938e8c65d0,Queens,"C5-GCP-11_EB_at_64th_Ave-Ex10",720,480
c073c2d9-919f-4ba3-ad13-d331d378e12b,Brooklyn,"Columbia St @ Carroll St - 168.202",352,240
32651453-d9de-4cde-af4b-be42b8de2775,Manhattan,"BB-39 North Rdwy @ Bridge Midspan",352,240
53de1e7c-8443-47fa-8603-4e5ef0466c17,Queens,"Queens Blvd @ Sunnyside Br",352,240
bff9cee2-1513-4af3-9838-ea7a35552049,Manhattan,"Rockefeller Plaza @ W 51 St",352,240
82ff853c-50e3-403a-855b-5f17708a4f38,Brooklyn,"Sands St @ Pearl St - quad - ptz - 1.10",352,240
70c286f0-78bc-43e4-9284-63ea2843c769,Staten Island,"Father Capodanno Blvd @ Ocean Ave",352,240
0bcfbc92-d455-4f62-846a-32afbefa3b4b,Manhattan,"Amsterdam @ 72 St",352,240
5214cfe8-ccfc-42e9-8e2a-ff2865c1a518,Manhattan,"Houston St @ Broadway",352,240
66533d67-7fe3-4250-b850-88c2fd7ec0e0,Staten Island,"Father Capodanno Blvd @ Midland Ave",352,240
63e79f0b-7dea-4c8e-864c-f3315f9cc62c,Manhattan,"Grand St @ Broadway",352,240
50fed16e-8068-4b89-ada4-246fc112b924,Brooklyn,"C2-BQE-30A_W_at_Stewrt_Ave_Kosc-Br",3840,2160
547cd268-58f9-4a84-a235-dbaa0432d79a,Manhattan,"South Street @ Pike Street",352,240
7c92c63b-2786-4600-9108-62cea2806345,Queens,"Grand Ave @ LIE",352,240
bb362cd8-057b-4538-bdee-cf846a725ea0,Manhattan,"Dyer Ave @ W 40 St",352,240
fbaafcae-6f48-46ab-b6c7-b8919bcd5986,Brooklyn,"Flatbush Ave @ Kings Hwy",352,240
513234e1-ea04-47bc-b607-c6ff1bb6a18d,Queens,"C5-LIE-29-WB_at_220th_St-Ex29",720,480
2f433a28-9a3f-4202-9b3b-a1dc7c6d1b1f,Staten Island,"C3-WSE-11-SB_at_Edwrd_Crry_Ave-Ex9",1920,1080
5e0c441b-7587-494c-aade-6fea9efc1c73,Manhattan,"Malcolm X Blvd/Lenox Ave @ 110 St/CPN",352,240
c0f05969-abc6-4fa6-b317-3e6ba03e989a,Manhattan,"Dyer Ave @ W 41 St",352,240
c2b6f1ab-8baa-4384-9dc9-5bd2e374701e,Manhattan,"FDR Dr @ 155 Street",352,240
5507fab3-3430-4747-a9ab-ed9f7b5ba959,Queens,"Queens Blvd @ Jackson Ave",352,240
11ab327a-184e-4630-b510-485d18e4a896,Brooklyn,"6 Ave @ 65 St - Ent EB BQE/Gowanus",352,240
769a2e94-5bbc-4a03-86a7-39d3a70213f7,Manhattan,"Broadway @ 96 St",352,240
857e40b2-566a-4917-bc08-47920babf3f9,Queens,"Rockaway Blvd @ Van Wyck Expy E S/R",352,240
54b2e31f-d9d7-43bd-b86f-3b15f4881ae8,Staten Island,"C3-WSE-02-SB_at_Woodrow_Rd-Ex3",720,480
8c4595b4-b1cd-4707-8fe8-3178c4ca93d1,Staten Island,"Drumgoole Rd West @ Arthur Kill Rd  - ptz -141.58",352,240
c3169415-bb26-4cea-8a12-36afd3e37f18,Queens,"Cross Island Pkwy @ Braddock Ave ",352,240
d1363c77-e061-4414-be82-e6d749254859,Manhattan,"Madison Ave @ 42 St",352,240
d3503d31-e652-4618-9442-cf613600ea0b,Queens,"C5-GCP-07-EB_at_Ditmars_Blvd-Ex9",720,480
a249b3ee-bde9-4d6d-9a18-9cd2108d2eb0,Manhattan,"Allen St @ Delancey St (B)",352,240
b5a78bda-3ca9-4ad4-bd03-4cee70baba2d,Manhattan,"5 Ave @ 59 St",352,240
85837859-3e5d-4e1b-8740-1c2ea3ed5662,Manhattan,"Broome St and Lafayette St",352,240
d23ec5fd-f956-4283-975a-623514b001a3,Bronx,"C1-CBE-05_S_SB_at_Walton_Ave-Ex2A",720,480
b7e5959c-1fc5-4fd2-a73e-426127b587b1,Manhattan,"Park Ave @ 86 St",352,240
33aa3bec-8143-421c-a0f7-866a2feaa352,Manhattan,"QBB SOR @ W Channel",352,240
c6d82dbd-1c49-478f-819f-a38c1826b628,Manhattan,"Canal St @ 6 Ave ",352,240
9750737e-90f5-4681-9fef-a396f9992540,Queens,"Woodhaven Blvd @ Metropolitan Ave",352,240
5bb6d7d8-39ce-43b8-b539-376fbcf73927,Manhattan,"3 Ave @ 49 St",352,240
1eb66413-6761-4eb0-bc04-e2533bb74b42,Manhattan,"Madison Ave @ 49 St",352,240
b95471db-03ed-4fc3-9b91-561328029fd4,Manhattan,"Houston St @ Bowery St",352,240
45b87983-6659-4be7-a354-15d756664204,Brooklyn,"Wythe Ave @ Williamsburg st E",352,240
5b44d19e-de48-4941-b071-d2a4c08bd230,Manhattan,"2 Ave @ 58 St",352,240
c880d0c4-db84-44c2-9f00-62f21a83b5d0,Manhattan,"Broadway @ Columbus Circle",352,240
b963b25c-9fcf-4a12-b502-c57468510315,Manhattan,"QBB UL Entrance @ Thomson Ave",352,240
d4add2b5-0a3c-43dd-ad8f-edc72b9ab2e5,Brooklyn,"WBB-8 NIR Bklyn Anch./Kent Av",352,240
c5040f93-f4ec-4803-8370-8b931b0443e2,Manhattan,"FDR Dr @ 64 St",352,240
8ed1baa8-48ab-4ec7-9110-7b89162ce8c3,Staten Island,"Hylan Blvd @ West Fingerboard Rd & Sand Ln",352,240
3fa07801-69d7-4d21-a807-4156b1b6602a,Brooklyn,"Hamilton Ave @ Hamilton Pl @ 15 St (N SR)",352,240
4f806706-c888-4926-932c-f9f3f0255b60,Bronx,"New Eng Thru @ Bartow",352,240
418ae598-7cdd-48ff-8aea-97fc3d312407,Brooklyn,"Atlantic Ave @ Clinton ST",352,240
d8122408-7092-41ba-a9db-ef8847edeaef,Manhattan,"Broadway @ 43 St",352,240
c6d013c9-e69b-4824-8dad-b6580491d916,Manhattan,"Madison Ave @ E 43 St",352,240
5c258011-2fa1-4b50-96c9-738ec3cf678c,Queens,"C5-GCP-13-EB_at_72nd_Rd-Ex11",720,480
5c2b7782-2fb8-486f-89d2-0c16b6eac70c,Brooklyn,"BB-15 North Rdwy @ Manhattan Anchorage",352,240
64ed1f5d-ba90-4c12-afda-9a9c3e658efd,Brooklyn,"Ocean Pkwy @ Ave X",352,240
0e8def41-11e2-45de-a8f6-b746b805b7c5,Brooklyn,"BB-72 South Rdwy @ Front St",352,240
c89b62d1-35be-4bb8-b22b-a77c2583733c,Brooklyn,"Eastern Pkwy @ Utica Ave",352,240
14767de3-0b6f-4708-b63a-230f5883d932,Brooklyn,"BB-71 North Rdwy @ Front St  ",352,240
67a7ce68-80ad-46d3-930c-7cf200109be7,Staten Island,"Staten Island Expy @ Slosson Ave",352,240
500b7258-e2ec-4717-8f99-a5497e158ae6,Staten Island,"Outerbridge Crossing @ Tyrellan Ave",352,240
c90f122a-2ea4-4614-b434-3599bcb04a19,Bronx,"Hutchhinson River Pkwy @ Bruckner Expy",352,240
bcafb919-3f51-4caa-b964-d6888ed4cecf,Brooklyn,"BQE @ Atlantic Ave Exit - westbound",352,240
9eca011a-81b1-4e4a-b44a-4ee2bc8affff,Manhattan,"Queens Midtown Tunnel Exit @ 37 St",352,240
d892897d-5a64-4450-9502-2e91b3ce5eea,Manhattan,"QBB SOR @ Sutton Pl",320,240
c914c9ae-00b2-4b77-abb9-0a85f903e34e,Bronx,"East Gun Hill RD @ Allerton Ave",352,240
5e0a8966-79ae-4a7b-9561-aca2c37b22ff,Queens,"C5-LIE-28-EB_at_213th_St-Ex28",720,480
15f7a00b-5afb-4193-a5e4-dfe7710a5dfe,Manhattan,"3 AVE @ 34 ST",352,240
8385d983-6782-4219-8aab-98f26b224f9d,Manhattan,"1 st Camera South Bound BPU-148.55",352,240
2e5f0c0e-575d-4323-86ec-63e75acbf129,Manhattan,"QBB UL CM @ Roosevelt",352,240
c8d37f98-5b6f-4a93-bfc5-eadf4f91726a,Queens,"Beach Channel Dr @B 140 St",352,240
710191bf-5753-49f7-a524-d0db75526600,Staten Island,"Morningstar Rd @ Walker St",352,240
36d22d6d-bffd-4466-8a9c-9c78a1bb9021,Staten Island,"Victory Blvd @ Bay St",352,240
5f1847a6-f7fa-4663-afb8-bcbcb93f0c69,Brooklyn,"C2-BQE-12-WB_at_Furmn_St_LL-Ex28A",720,480
0360205b-183b-4dd3-a01f-e7f0deb5ff1f,Queens,"Shore Front Pkwy @ Beach 108 St",352,240
c941aa1a-ebde-4589-9669-eaf67279dfab,Staten Island,"Drumgoole Rd W @ Arden Ave - quad - ptz - 141.10",352,240
0952329e-6b6f-4286-b5e3-b682eae94e52,Manhattan,"Broadway @ Chambers St",352,240
c1b36d36-ce3d-43e3-af83-0cb29bd67e10,Brooklyn,"Boerum Pl @ Fulton St & Joralemon St",352,240
5352e130-4668-4be5-a7b9-9e1ce4ea6d4c,Manhattan,"3 Ave @ 42 St",352,240
c217a64e-95c3-4442-96d1-7a6c177615d7,Manhattan,"CPW @ 110 St",352,240
77794e28-5ee9-4fdd-8c14-2615c46d8a40,Queens,"BQE @ BROADWAY (37 Ave)",352,240
54e7c710-bdef-411d-801a-806060a418f6,Staten Island,"Father Capodanno Blvd @ 2000 FT N of Seaview Ave",352,240
6ab24015-2446-4410-b7a4-d8dd13ed2f8b,Queens,"LIE @ College Point Blvd",352,240
84a2c36a-ef84-41b6-a4eb-3c3a2bf3bf10,Brooklyn,"Stillwell Ave @ Surf Ave",352,240
426d2789-3f58-4c5b-9db6-1647db7c4b5a,Brooklyn,"Belt Pkwy @ Erskine St",352,240
ca545979-d0c1-4735-88d6-61b6311bb6bc,Manhattan,"Henry Hudson Pkwy @ 125 St",352,240
444aa32f-8102-4ca6-a7f8-5c9fd8fd5571,Manhattan,"Houston St @ Christies St",352,240
5e621a58-dade-4b9a-aef8-24b3038455a4,Queens,"Long Island Expy @ Greenpoint Ave",352,240
5f4bef40-ddee-41fa-a623-6388d561f416,Brooklyn,"C2-PE-01-Cntr_at_Caton_Ave-Ex6",1920,1080
5ec4ce2f-d86d-4899-b464-436fdcde72eb,Staten Island,"C3-SIE-09-EB_at_ Manor_Rd",720,480
99bd1846-c0e4-4689-b077-63d2525bf1aa,Manhattan,"Amsterdam Ave @ W 180 st ",352,240
c34ca47e-e375-4b9f-a8d7-f9737566b783,Manhattan,"6 Ave @ 42 St",352,240
5f9ef54f-f3ac-4ce9-ad39-2e483467867a,Manhattan,"WBB - 5 NOR-5 @ Delancey St North/FDR",352,240
3f04a686-f97c-4187-8968-cb09265e08ff,Manhattan,"Central Park @ 72nd St Post 37",352,240
8d7e94a5-7a81-4e92-8171-9f6c0f0ca7bf,Manhattan,"FDR @ E 53 St",352,240
dd80055d-ae29-469e-bce5-bf62228a3178,Manhattan,"WBB - 16 SOR-4 @ Kent Ave South",352,240
2589c0d6-c389-4861-b812-4ae68f560eba,Manhattan,"46 St Bet. 5 Ave & Madison Ave",352,240
15fca74d-c3e9-42ee-8f32-5b708ef36477,Bronx,"Hutchhinson River Pkwy @ Westchester Ave",352,240
60793334-580b-4538-b947-7312e95039bf,Queens,"Astoria Blvd S S/R @ 33 St",352,240
dd374f35-08c9-482d-ae36-ce8e7c0cfb54,Brooklyn,"Atlantic Ave @ BQE",352,240
a356e2c6-7d95-4d93-85c1-da3d05485d8c,Manhattan,"MADISON @ 34 ST",352,240
7e13d5e6-bd1a-47af-ba28-39c50e2736c2,Staten Island,"Hylan Blvd @ Nelson Ave",352,240
88895623-f6fa-4509-a927-8eae076725da,Brooklyn,"Ft. Hamilton Pkwy @ McDonald Ave",352,240
0537e9a6-3e6f-480c-9c6e-bb3ad15356ae,Staten Island,"Richmond Ave @ North Access Rd",352,240
1ccb8d7c-43d4-450e-b40c-79527766db75,Manhattan,"Audobon Ave @ W 181 ST",352,240
05468f62-4092-4ff5-9bb6-0f70e56ff544,Manhattan,"2 Ave @ 49 St",352,240
cd949f21-54b2-4d11-8aae-4ffba8654271,Manhattan,"5 Ave @ E 60 St",352,240
6504ada3-3a93-4811-b2cd-31c377066f66,Queens,"C5-LIE-17-EB_at_GCP-Ex22A_GCP",720,480
cf6d1124-f012-4678-9277-2dca8d18232b,Brooklyn,"Gowanus Expy @ Gatling Pl @ 92 St - 4.34",352,240
cde75072-a814-46b4-8785-765b314c43e8,Staten Island,"Korean War Veterans Pkwy @ Arden Ave",352,240
e610bc71-9bfb-4a92-928d-ad33cd1b9afd,Manhattan,"Harlem River Dr @ Dyckman St /10 Av",352,240
8933100a-8229-42fe-b4b2-265db410d7ae,Manhattan,"5 Ave @ 46 St",352,240
cdf63ef6-b7e7-47cd-a85c-3c50e0cdf36c,Queens,"Woodhaven Blvd @ 97 Ave",320,240
cd229284-a743-4ac4-9430-366f11e68d6c,Manhattan,"Irving Pl @ 14 St",352,240
0f3b6031-fe36-43df-b2c7-6120e0580309,Manhattan,"Brooklyn Bridge - Ped Walk Way",352,240
606916f2-cd00-4893-9d2b-4c9f9d6d974f,Manhattan,"AVE C @ 18 St",352,240
cbdd2872-4e00-4699-9679-871bc2c30834,Brooklyn,"Hamilton Ave @ Hicks St",352,240
62b3062d-542f-40f1-86ec-206710e789b6,Manhattan,"3 Ave @ 57 St",352,240
63bf5db0-582d-4482-ad51-52338c7f9906,Manhattan,"3 Ave @ 14 St",<nil>,<nil>
62380b5a-8960-4c2b-9125-d7f088605a7f,Bronx,"Grand Concourse @ E 149 St",352,240
5531396b-856d-429b-8bde-a845ef87aead,Manhattan,"Henry Hudson @ 158 St",352,240
64862ed3-03e3-4452-9e59-189dbeec4a4f,Brooklyn,"BB-22 BQE @ Old Fulton St",352,240
83d034f2-584b-4dab-9e3d-d70a59995dc5,Bronx,"Grand Concourse @ Moshulu Pkwy ",352,240
d019c28c-80f5-490b-8a35-198477ac3fb0,Queens,"Woodhaven Blvd @ Dry Harbor Rd",352,240
abb47d30-e011-47bc-ac00-622924bc5acd,Brooklyn,"Belt Pkwy @ Cropsey Ave",352,240
03a8a2da-3ac2-45aa-a5ba-4ff7d1ecbd22,Manhattan,"5 Ave @ 47 St",352,240
df5bc905-6296-4f6e-ae6e-20a39b56da43,Brooklyn,"BB-51 North West Brooklyn Tower",352,240
dfc5bbff-683c-483d-bed5-8ff2b7c4781b,Manhattan,"Harlem River Dr @ 150 St",352,240
9d7c4525-fba3-4ffe-ae79-f814f7dccf4e,Queens,"Roosevelt Ave @ Broadway &  74 st",352,240
074b4e06-5090-47a5-b672-8b15780c9255,Manhattan,"2 Ave @ 79 St",352,240
9e3e26ae-d49f-4f64-ba99-113b779c25a2,Manhattan,"Park Ave @ 53 St",352,240
2064d8ab-597a-45d8-a3c9-5ab95a4e69e6,Brooklyn,"7 Ave @ Union St",352,240
66810a94-7065-4f6e-b306-3d3088930d89,Manhattan,"11 Ave/Rt 9A @ 14 St",352,240
680f6950-8ae6-4746-b8ce-4bc28f10f79d,Brooklyn,"C2-GE-02-WB_at_Ft_Hmiltn_Pkwy-Ex19",640,352
9e3164a8-1c63-4790-bc24-f9d752f3ae41,Brooklyn,"Belt Pkwy @ Flatbush Ave",352,240
ce81bdbd-967b-4ad0-ab40-c4628bb59560,Manhattan,"Park Ave @ 106 St",352,240
ddd3f06a-7e0e-4e00-b76a-52a511e9009d,Queens,"C5-VWE-20_NB_at_Main_Street-Ex8",1920,1080
b995be5a-a469-4cf6-b2ee-197e8e9eecd9,Queens,"Cross Bay Blvd @ 20 Rd",352,240
b9c20141-52ca-43a1-a7df-c2577ca384b6,Queens,"Queens Plaza North @ East 21 st",352,240
d016d3ce-4399-4487-a1a8-2c16620a251d,Brooklyn,"Rockaway Pkwy @ Seaview Ave",352,240
cd52aa01-1d36-4d0a-bf03-79cb78ffadae,Brooklyn,"Sands St @ Jay St - quad - 149.27",352,240
d67e45e9-034f-4bd9-9bc3-12d07a12af48,Manhattan,"3 Ave @ 114 St",352,240
bdf81be6-bce0-4dfc-91d4-946647f2553e,Queens,"Woodhaven Blvd @ Liberty Ave",352,240
d1e071f1-57c6-4e6a-b813-0c50b90f7b1a,Queens,"Jackson Ave @ 42 Rd",352,240
b47d139f-69ae-427e-86b4-f970f9e990e1,Queens,"Flushing Ave @ Grand Ave & 64 St",352,240
e51a2974-8ca2-4fe2-a90a-842685cbbcc9,Bronx,"C1-CBX-18-Med_at_Pennyfield_Av-TNB",720,480
e5cd3feb-ca2f-4108-b6ae-678b5ec32dab,Bronx,"Webster Ave @ E 165",352,240
e08c24be-e2fe-4d83-bc08-bf88cdebdd63,Bronx,"Webster Ave @ E 180 St",352,240
8431fefb-2068-4c83-920a-a6db628e7ce6,Bronx,"C1-BRP-01-SB_at_E.174th_St-Ex3",1920,1080
e892a3e8-e4b5-4a70-ac2f-a1ad82af36a6,Brooklyn,"C2-GE-08_E_EB_at_54th_St",720,480
d05b98ae-f2a7-4c26-8238-754081877484,Queens,"Northern Blvd @ Utopia Pkwy",352,240
d138b651-e2ed-4065-a0f9-ef56a65f61d4,Manhattan,"West Broadway @ West Houston St",352,240
d7496b4f-f3b5-4a49-89d3-4212e0606205,Brooklyn,"Gowanus Expy @ FT. Hamilton Pkwy",352,240
e278de5c-4cfa-46e7-aa85-59512db61f0d,Manhattan,"FDR Dr @ 23 St",352,240
6d4bed01-9b6f-45c1-ae3a-159ca91125ba,Queens,"QBB Uramp @ 23 St",352,240
d78ebdc6-2211-479e-bda6-59d79db20258,Manhattan,"8 Ave @ 57 St",352,240
d45fb588-de4c-4139-9e27-5b2d4c371b3d,Manhattan,"York Ave @ 72 St",352,240
1546f761-039c-4b5c-af5e-75c83c9f603f,Manhattan,"Lexington Ave @ 42 St",352,240
374c2047-3868-47e0-9767-a1a701d3fc67,Brooklyn,"Bay Parkway @ Benson Ave",352,240
1f81dbf0-4360-49fd-b768-b1a09d730eb1,Brooklyn,"Gowanus Expy @ 7 Ave & 67 St",352,240
b2924000-6eb1-4449-b201-01c0653b6c68,Bronx,"Pelham Pkwy W/B @ Boston Rd",352,240
68fc6239-198c-4d14-a408-0128d6bf0ace,Brooklyn,"BQE @ Sands St (eastbound) - video detection",320,240
d324cf02-ff01-4b1d-a480-39143ced22cc,Brooklyn,"Sands St @ Adams St",352,240
d1d8cd99-7609-409a-a739-f5913dabf4e6,Manhattan,"Lexington Ave @ 49 St",352,240
2bc8aef2-fc97-47e0-84cd-1efc8ee21bfe,Manhattan,"10 Ave @ W 34 St",352,240
d2940392-4ee6-433a-ae24-f4f4f15f2566,Manhattan,"MHB-16A Manh East of Colonnade Entr",352,240
f2b94b32-fc41-42b6-935d-8330374ca05a,Manhattan,"1 Ave @ 110 St",352,240
d7ee32d6-895f-4e37-bdd9-f97b06b24f3d,Brooklyn,"Tillary St @ Jay St",352,240
ad00e0d3-02f2-4578-b0f1-b9d176d117d1,Staten Island,"Richmond Ave @ Signs Rd - quad - ptz - 0.138",352,240
d7d6c994-492d-4f3a-895e-745596825fb4,Bronx,"SEDGWICK AVE @ CEDAR AVE",352,240
ef24beea-023c-4377-86c9-f9c8836c961b,Staten Island,"C3-SIE-04A-WB_at_Richmond Ave",1920,1080
695c4b6d-78d1-4478-81e2-55c8e1acea68,Staten Island,"C3-SIE-13_EB_at_Mosel_Avenue",720,480
db028e65-b4b4-4f83-a427-6be6cb3f2ace,Manhattan,"Riverside DR. @ Pedestrian Crossing NOF 181 St",352,240
d9cd00ff-9b8e-492f-8b02-db27b6cf847c,Manhattan,"BB - Ramp from Pearl St - 156.104",352,240
5aa32e02-77f7-436b-9887-fbb7a84a3489,Queens,"Cross Island Expy @ 14 Ave",800,450
efa9a3d5-e5fa-440e-8f6e-68436b8c397b,Manhattan,"Malcom X Blvd @ 145 St",352,240
5c29ba71-1757-45db-8318-e1a2bad57e75,Queens,"Queens Blvd @ Hillside Ave",352,240
34616ac5-0cc5-4b86-ac7a-82c77238a536,Manhattan,"West st and Chambers",352,240
d88837a0-5f2d-4800-b4c8-57970aa929cd,Queens,"Rockaway Blvd @ Lefferts Blvd",352,240
9c0718c5-0ae9-4170-bea0-9b5d7d61e0c4,Brooklyn,"WBB-26 SIR @ Kent Ave",352,240
d872e1a0-8c5f-47da-9469-bf40a3673ade,Queens,"BQE @ Queens Blvd",352,240
5361a6ea-95fe-44e1-99f8-dc7d6964a427,Brooklyn,"Flatbush Ave @ Concord St",352,240
69c109a1-a8dd-4164-bbc1-88497dc67c1e,Manhattan,"MHB-20 Mahn S URW @ Anch",352,240
47070afa-8638-4dfe-8df0-bdfa391f57b7,Brooklyn,"C2-BQE-08-EB_at_Atlantic_Ave-Ex27",<nil>,<nil>
f9e26c16-1cd9-495d-a988-bd80666c28bb,Manhattan,"WBB - NOR - 3 @  Kent Ave North",352,240
dfed3e07-de07-4243-8a41-509a1800cd1e,Brooklyn,"Hamilton Ave @ 9 St",352,240
d125f801-5576-4e42-874c-a643a86019c0,Staten Island,"Bay St @ Richmond Terr.",352,240
6fc602cf-72c5-40cc-9a42-9a844de7bc1a,Manhattan,"Grand St @ Essex St",352,240
f419b38e-2b68-4659-a525-d0a31add8528,Brooklyn,"4 Ave @ Prospect Ave- 66.138",352,240
f3ded76a-f110-4d7a-8eb4-230265affe83,Brooklyn,"4 Ave @ Shore Rd",352,240
74707723-013b-4bf1-9a8b-c209dbf71984,Brooklyn,"Bushwick Ave @ Gates Ave",352,240
db8c2d21-00cd-4508-945d-38fcd92367d2,Brooklyn,"3 Ave @ Prospect Ave",352,240
ddc62c2f-dab2-48e0-918e-742e62e78ec1,Brooklyn,"Fort Hamilton Pkwy @ 60 St",352,240
7a830ac8-1cce-4a85-b3de-44d74900b9bc,Brooklyn,"7 Ave NB @ Bay Ridge Pkwy",352,240
cb0647f4-b9fd-4065-a297-ebfcd4f8d270,Queens,"Queens Plz S @ 27 St",352,240
6bf2a18c-275b-4ec5-9242-00fee9d1a467,Staten Island,"West Shore Expy @ Victory Blvd",352,240
efc538d1-4711-4f6e-b81c-e555fc37d127,Staten Island,"C3-WSE-06-NB_at_Muldoon_Ave-Ex5",720,480
6bfee8ce-9d91-4ffb-9586-9b3a0675578d,Queens,"Northern Blvd @ Steinway",352,240
6c1d7768-9e5f-4541-99c4-77dc8fac932b,Staten Island,"C3-SIE-03-WB_at_South_Ave-Ex5",1920,1080
c562d33e-ee4d-4233-b2d2-cc301f64ed4a,Queens,"Queens Plaza South @ 11 St (ramp to UL)",352,240
e016c2e4-a602-4c4d-ab9e-fadfa7f4e703,Brooklyn,"Atlantic Ave @ Highland Pl (Berriman St)",352,240
e0ac368d-414a-4606-bea5-236e94a2d5b5,Manhattan,"Brooklyn Bridge @ Centre Street",352,240
6fa8acf2-f5bf-4200-afde-1240868ca3e3,Manhattan,"Houston St @ Lafeyette St",352,240
a2a2f56a-7e69-4423-a014-e9503c8f97a4,Queens,"Rockaway Blvd @ Farmers Blvd",352,240
74ca7d62-c8e5-4986-82fa-cd8d8db835b9,Manhattan,"BB- 42 South Rdwy @ Bridge Midspan",352,240
749f7d56-21e8-4716-8efc-624723f5b9a8,Bronx,"C1-CBE-01_N_NB_at_Amsterdam_Ave-Ex-HRD",720,480
76faba94-f9e5-42d7-981e-0cbbbfd4bc21,Manhattan,"Broadway @ 46 Street",352,240
8ff9080c-6ba7-483b-be58-3a77c73546d8,Queens,"Jackie Robinson Pkwy @ Metropolitan Ave",352,240
e184e99b-6bbd-4dd7-a36b-ad17ca50ad36,Brooklyn,"Sands St @ Jay St - quad - ptz - 149.26",352,240
77ea2042-4c1b-4a2c-b861-88dfa9f579f8,Queens,"C5-LIE-11-EB_at_60th_St-Ex18",1920,1080
6d7298dd-f56a-4d33-b1d4-b2c1ec659dda,Manhattan,"C4-WST-02-NB_at_Vestry_St",720,480
7ae83f13-3d0e-4fd3-bc88-6fc41bde04c3,Queens,"Cross Island Pkwy @ Union Tpke",352,240
7ae8f58a-84e9-4c9f-9e90-daa2dc548f20,Manhattan,"Pearl Street @ St. James Pl",352,240
78a5c61d-9dce-4b52-b0da-bf7d22c1f501,Manhattan,"8 Ave @ Columbus Cr South",352,240
7bf1dd27-0a96-4381-bb7e-03123c4b7739,Queens,"Cross Island Pkwy @ Throgsneck",352,240
786650de-d254-47dc-aa8a-de9a4c231a2a,Manhattan,"2 Ave @ 23 St",352,240
e4542be1-fe19-4efa-a25e-0d0c1065c8a2,Manhattan,"58 St @ QBB UL Approach",352,240
82b5a027-8b2d-43ce-ba8e-329382bd61bf,Manhattan,"Galvin Ave @ W 40 St",352,240
e3747738-4474-4c7b-ab2e-95c69945d302,Brooklyn,"Belt Pkwy @ Avenue X",352,240
e348f285-d668-44a0-9d45-b3006f4ced6b,Staten Island,"Victory Blvd @ Jersey St",352,240
85312947-96ae-4fce-a1f6-c6167e2f3004,Queens,"Jamaica Ave @ 165 St",352,240
8820f260-11c9-49dd-8839-0ff47707b6f2,Brooklyn,"Atlantic Ave @ Hicks Ave - quad - 165.203",352,240
f801cf2f-cd02-4077-aa53-99ee8a00e1ab,Brooklyn,"3 Ave @ Atlantic Ave",352,240
76c47885-cc54-4e0d-989c-01cf1256dd1a,Queens,"Jackson Ave @ 11 ST",352,240
fcfbaa3d-13e5-4687-9688-ae1eab37c723,Manhattan,"7 Ave @ 23St",352,240
7a7016c5-a086-40fd-9298-90f17f8b6cea,Manhattan,"5 Ave @ 49 St",352,240
fcaf0a31-e2ec-4abe-815d-2623d5e7b87b,Manhattan,"WBB SIR - 1 @ Manhattan Anchorage",352,240
adc07b1d-e5e1-45da-bfb7-db8a0519f231,Queens,"Flushing Ave @ 54 St",352,240
db84e6bd-1436-4213-bbfb-f6e0ceab38c7,Manhattan,"West Houston @ Varick St",352,240
7980448b-0d57-49ad-8b87-50174e5d3065,Staten Island,"Richmond Ave @ Arthur Kill Rd - quad - ptz - 141.131",352,240
7e2400e3-cad2-407a-927b-d575a35048e3,Manhattan,"Central Park West @ 66 St",352,240
79f45918-c13e-4357-9ccb-9e3e7ea5b6af,Manhattan,"1 Ave @ 57 st",352,240
7c996b88-8ee6-4b0d-99c8-5764cf68f3bc,Bronx,"C1-MDE-03-SB_at_E.138th_St-Ex3",1920,1080
80976618-bbf8-4e7a-8a9d-095f3594244c,Staten Island,"Hylan Blvd @ Bay St",352,240
7bac53fa-8296-40f8-9297-e7e67597a92c,Queens,"C5-BQE-45-EB_at_GCP-Astoria_Blvd",720,480
62ecb539-5e6c-40ff-a771-ea77153cc4ed,Manhattan,"Rockefeller Plz @ 48 St (between 5 Ave and 6 Ave)",352,240
85d33af1-a82c-499c-b303-a16c8c891fe6,Brooklyn,"Stillwell Ave @ Neptune Ave",352,240
80b83728-4712-4ab6-aa2f-ae384eb1b91c,Staten Island,"Father Capodanno Blvd @ Seaview Ave",352,240
856ef0b2-123d-4211-9619-1334fb7ac219,Brooklyn,"Ocean Pkwy @ Surf Av @ Sea Breeze Ave",352,240
fdb5054c-08b7-4a84-91cb-b61aa890d8b0,Brooklyn,"BQE @ Vander Voort Ave",352,240
8a60eb4e-4069-4c0f-9bca-b8cc52915ffb,Queens,"Jackson Ave @ 21 St",352,240
8c13c3b4-b227-4278-9beb-e58314c042d5,Queens,"Flushing Ave @ 61 St",352,240
fd82a010-c29e-4bcb-8d70-dd2204879a97,Manhattan,"Water St @ Whitehall",352,240
7f865d20-e4f4-4f7c-88db-c0edf88a9501,Manhattan,"Broadway @ 145 St",352,240
907af141-b289-47d3-9f41-edc7667cff7e,Staten Island,"Hylan Blvd @ Guyon Ave",352,240
9a44eb83-317e-4d83-8f0d-e753316c537e,Queens,"QBB LL CM @ E Channel",320,240
93dea5a7-a63f-4415-ae12-f32b62540f11,Manhattan,"Kenmare St @ Cleveland pl",352,240
936fce3c-14c3-42c2-8e0d-7bce5a81ecc6,Staten Island,"Hylan Blvd @ Seguine Ave",352,240
e49e8537-9891-44ba-ac1f-41db307934cf,Brooklyn,"Flatbush Ave @ Utica Ave",352,240
f4c47f52-9c8d-494a-92da-4dcc09a19fab,Brooklyn,"Eastern Pkwy @ Bedford Ave",352,240
dcef88ca-8811-4b82-8fa9-50225dd03bc4,Manhattan,"Br Br-19 N Rdwy @ FDR Dr",352,240
dbbf45f6-7d87-46fa-825f-454a7e2bbcad,Manhattan,"Broadway @ 46 St- Quad East",352,240
9cf2184a-e075-47c2-9d02-8e6edcdf28b8,Bronx,"Major Deegan @ Triboro Bridge",352,240
821d0c4e-f43f-4968-ad2d-566e40e53df6,Brooklyn,"Atlantic Ave @ Henry St",352,240
96f64a79-929b-4f8e-b160-306313054dec,Brooklyn,"BB-51A Brooklyn Tower - South Rdwy",352,240
97e0da4b-551e-4ef4-a12a-7cbcc0b8560a,Queens,"Qns Blvd @ 65 PL",352,240
82b0f566-cab5-4366-bc3a-67f82cc4fec7,Bronx,"Bruckner Blvd @ Lincoln Ave",352,240
822f0cb4-827d-41cd-8f35-2b328a8c1d24,Queens,"Northern Blvd @ 108 St",352,240
e4800abb-4eac-414e-b47e-5dd773bf0b90,Staten Island,"Richmond Ave @ Forest Hills Rd",352,240
9bf91436-9ea5-4451-aa9d-a309f8e26a0f,Queens,"Roosevelt Ave @ 50 St",352,240
82ccb93a-fe0d-4e92-8419-64336edf761e,Brooklyn,"C2-BQE-10-WB_at_State_St_UP-Ex27",640,352
800d29e7-aa14-4269-b7a3-22661fe48f55,Queens,"C5-LIE-27-WB_at_Clearview_Exwy-Ex27",720,480
95045f2c-9108-40c2-9439-a139001d4a74,Brooklyn,"Ocean Pkwy @ Ditmas Ave",352,240
b591a4be-a1aa-4978-ab2c-be4a17eb190e,Bronx,"Fordham Rd @ Major Deegan Expy",352,240
8246cf40-87f5-4f3a-b987-369e38a2d450,Staten Island,"Staten Island Expy @ Forest Ave ",352,240
843a0580-a31d-4e5b-90c5-c3875afdfa96,Manhattan,"3rd Camera North Bound BPU",352,240
be732c0a-c4f8-4ae4-a751-1fc011f160e7,Staten Island,"Hylan Blvd @ New Dorp Lane",352,240
79e4e388-89f4-49ed-880f-390bb2b76651,Manhattan,"QBB SOR @ 1 Ave",352,240
84eccaf1-05f2-428c-a086-983a85277278,Manhattan,"MHB-21 Manh N URDWY @ Arch",352,240
c3005e2b-a94c-44ab-80a4-29e6be8700d5,Queens,"Jackie Robinson Pkwy @ burns St",352,240
a6811e67-15ac-4289-97be-9c6dd1ae1c75,Manhattan,"QBB NOR @ 1 Ave",352,240
fec41cf4-e167-48ae-9d40-785d8e86078d,Manhattan,"MHB-16 Manhattan Colonade Entr",352,240
c733e881-862d-4874-9d00-9bfdc3b27cbc,Manhattan,"Grand St @ Bowery",352,240
c5af3e42-bb95-4aa3-a9d1-2d8071412dab,Queens,"Jackson Ave @ Thomson Ave",352,240
899dfa1e-a2c5-490a-b8ba-480493634846,Brooklyn,"Coney Island Ave @ Kings Hwy",352,240
c531c196-3944-4318-8c33-92eb2be792ac,Queens,"Roosevelt Ave @ Baxter Ave",352,240
85809312-60f2-4a52-a694-82628529c05a,Manhattan,"Central Park S @ Columbus Cr",352,240
c74510ed-35cf-4908-ad10-f2c9575cc853,Brooklyn,"Hamilton Ave @ Henry St",352,240
dfac53ae-0460-409d-8514-6db67de9aff3,Bronx,"Bronx River Pkwy @ 233 St",352,240
e64ec820-69c4-4cc9-b573-4d7d66c4a7eb,Brooklyn,"Atlantic Ave @ Boerum Pl",352,240
7b0f1486-6c0c-4bd4-ac8b-800c4bf2176e,Brooklyn,"Flushing Ave @ Navy St",352,240
e676b48b-e3ff-4f8f-9388-7d1206094f83,Queens,"Belt Pkwy @ Brookville Blvd",352,240
6be5adfc-1912-4811-9a04-01c8866280bb,Manhattan,"West St @ Murray",352,240
874223a4-dc80-4764-8d91-1590cd3737d4,Manhattan,"FDR Dr @ 90 St",352,240
e6ba1d11-d27e-441f-b385-a8ae85a3fc74,Queens,"Northern Blvd @ Union St",352,240
e6c39111-6d28-45bb-9698-509699e78b8f,Queens,"Woodhaven Blvd @ 101 Ave",352,240
81db80c2-13fe-4ae7-8b47-c08aa42d512f,Manhattan,"5 Ave @ 66 St",352,240
96ea2271-4739-40bb-9aea-6429c63dfb34,Brooklyn,"Cadman Plz W @ Prospect St - quad - 1.3",<nil>,<nil>
ac9ea7e9-4ab8-4188-be33-40266bcf9378,Manhattan,"2 AVE @ 86 St",352,240
c0e47f5d-29d0-4103-9c69-9e461334a21b,Queens,"Queens Blvd @ Yellowstone Blvd",352,240
a26130e0-3c9b-4f43-b253-209d80d441f8,Manhattan,"62 St @ QBB Upper Level exit ramp",352,240
7c9ef8dd-7587-4e39-b486-13ef4c7e5721,Manhattan,"Central Park West @ 100 St",352,240
7014e990-19e3-4ed3-b175-7708374037e5,Queens,"QBB SUR @ Vernon Blvd",352,240
a3058350-1552-459f-8379-2fd06895e70a,Manhattan,"Delancey St @ Bowery St ",352,240
a2017340-a9a6-41d4-921f-8c7daa48cdac,Queens,"Grand Central Pkwy @ 188 St",352,240
b9085289-750b-403a-8031-681678d35ae0,Queens,"Flushing Ave @ Fresh Pond Rd",352,240
a9b2501d-062f-43f8-9419-f89faa4f36ba,Manhattan,"Riverside Dr @ Washington Br ENT ramp",352,240
7bbbaf2a-ca8d-4fa7-bcc9-bac5ac78d0b9,Queens,"Cross Island Pkwy @ 113 Ave",352,240
95f77270-6143-4522-b55e-a3ef8cc48e18,Brooklyn,"Furman St @ Atlantic Ave",352,240
f0f068df-4148-42e7-a208-7ec171777247,Brooklyn,"Belt Pkwy @ Cropsey Ave - quad - 2.3",352,240
e86cf7d8-0782-40d7-885c-f4a9218988d9,Brooklyn,"Belt Pkwy @ 68 St",352,240
90c74649-458d-4b5f-8f58-9ab77f03f4ad,Manhattan,"Central Park West @ 77 St",352,240
9a01683c-321a-421b-b9c3-056bbf851f25,Brooklyn,"C2-PE-06-WB_at_6th_Ave-Ex2",640,352
9b607ed0-dcb4-4cc3-8055-bbb23e5fe9d6,Brooklyn,"C2-GE-13-EB_at_Prospect_Expy-Ex24",720,480
94051372-369e-4c2f-9850-90763a8faf88,Staten Island,"C3-SIE-12-WB_Btwn_Clove_Road_and_Richmond_Road",1920,1080
ebd920f9-8522-4ae7-af8f-b887256fdaa1,Staten Island,"Amboy Rd @ Annadale Rd",352,240
e777e4b4-25cb-4c39-98fc-8d6b25cf7de7,Manhattan,"Lexington Ave @ 53 St ",352,240
eec11fee-fc83-41c1-a9e9-5926d3ce0459,Staten Island,"Richmond Ave @ Draper Pl",352,240
958d42a3-2b29-490f-ad0b-473423ee51e9,Brooklyn,"MHB-32 Bklyn S URDW @ Anch",352,240
ebc0f1c7-1cc2-46c0-b8bd-365f94f09a0a,Queens,"Guy Brewer Blvd @ N Conduit Ave",352,240
a0df8038-1012-48b4-8fa7-6d469472ebf6,Brooklyn,"C2-BQE-14_WB_at_Midgh_St-Ex28A",720,480
e85785e6-d889-4811-8ba5-2e389942431f,Queens,"Kissena Blvd @ Sanford Ave",352,240
935fdfa1-d810-45fe-9534-e035e059b8ec,Brooklyn,"C2-BQE-19-WB_at_Kent_Ave-Ex31",720,480
e96fb86f-4bf6-4f97-b7f3-ec4f2e960788,Queens,"Clearview @ Northern Blvd",352,240
9561ad5f-0eda-460b-ab12-41caa4e0a91e,Manhattan,"47 St Bet. 5 Ave @ Madison Ave- Manhattan",320,240
ec44d35d-829f-4bcf-a38f-3bf45a6d31b4,Staten Island,"West shore Expy @ Park & Ride",352,240
99098e73-0848-4c19-895e-f81651f76c39,Bronx,"C1-CBX-17-Med_at_E.Tremont_Ave-Ex10",1920,1080
a1295144-6d4b-4e63-8475-a4fff6020e53,Staten Island,"C3-SIE-07-EB_at_Woolley_Ave-Ex10",720,480
a95f7916-24ee-4d7e-bc71-6f9f1e009f23,Bronx,"Grand Concourse @ 161 St",352,240
ebec9de9-3f56-477a-a413-2e0a09b2b6ba,Manhattan,"Worth Street @ Lafayette Street",352,240
a654976f-34a5-46d3-a57d-efe949153f41,Bronx,"C1-MDE-02-NB_at_Willis_Ave-Ex2",720,480
a74c9c59-b6e1-4f7d-b260-7f54954e6e47,Brooklyn,"C2-GE-12_W_WB_at_26th St-Ex23",640,352
f9ed4dbb-7dd1-4b0c-80df-7f5586109599,Manhattan,"Queens Midtown Tunnel @ 35 St exit",352,240
a828693f-10cc-43d9-9b01-15a725b75c05,Staten Island,"C3-SIE-01-WB_at_Forest_Ave",720,480
f2326b69-830d-4d1b-9cbc-a678823315c5,Queens,"Seagirt Blvd @ B 9 St",352,240
f4633287-e3eb-463e-a73c-0917e6243c5b,Queens," Belt Pkwy @  Guy R Brewer Blvd ",352,240
aa85b894-336d-42bb-9801-0359e452f845,Manhattan,"1 Ave @ 62 St",352,240
dd29dfed-4e13-43ae-935b-54660df1bcae,Brooklyn,"MHB-29 Brklyn S URDWY @ Twr",352,240
e6a7fd91-8669-4c27-a8d8-8a6941b62759,Queens,"Flushing Bridge",352,240
a991a948-12b9-450a-a5ea-7ae01679f037,Manhattan,"WBB -12 NIR-12 Manhattan Mid Span",352,240
a4c12003-9638-473d-bfe3-dddf509c80b8,Manhattan,"6 Ave @ 58 St",352,240
a4bb497d-7e15-47c4-9787-374b013efbbe,Manhattan,"Madison Ave @ 79 St",352,240
f68ca680-62ac-4ad5-aa9d-7a83742b15d3,Staten Island,"Staten Island Expy @ Fingerboard",352,240
f388803c-7e1b-4d67-ad61-87b25934a8a2,Manhattan,"10 Ave @ 23 St",352,240
a8f2d065-c266-4378-ac63-50b81677da84,Brooklyn,"C2-PE-02-Ctr_at_Ft_Hamltn_Pkwy-Ex5",640,352
e029a178-4289-4914-bf64-109d43b0ae35,Manhattan,"BB-27 South-West Manhattan Tower",352,240
f75d3433-3ee8-4406-b747-ca47098debd9,Brooklyn,"Stillwell Ave @ 86 St",352,240
f9cb9d4c-10ad-42e4-8997-dbc9e12bd55a,Manhattan,"E 14 St @ Irving Pl/Lexington Av",352,240
ed788fa2-c602-4676-b0fa-913d1a17a123,Brooklyn,"BB-65 North Rdwy @ Above Water St/Bklyn",352,240
bc01e999-cfba-409b-9542-19c7e86cf410,Staten Island,"C3-WSE-05-NB_at_Arden_Ave-Ex4",720,480
bed364f9-5249-4285-9b03-70b91ce75baf,Bronx,"C1-MDE-04-SB_at_Grand_Concrse-Ex3",720,480
bcb706e6-135a-4981-8a06-7545f6e05ddd,Staten Island,"C3-SIE-11-EB_at_Renwick_Ave",720,480
b59bd3d2-0d72-4a65-8316-e79491c622e3,Brooklyn,"Adams St @ Willoughby St",352,240
f96c7b05-c0a1-4d3c-93ae-b025bdea422a,Manhattan,"Dyer Ave @ W 34 St",352,240
fa85ed07-ccc9-4dc7-97bd-fd55acc0a415,Queens,"Grand Central Pkwy NSR @ 79 St",352,240
f865d9bf-0062-4d43-9c16-2a862d8af4f0,Manhattan,"9 Ave @ 45 St",352,240
ed12f2da-9f65-44f0-a162-123c412716c6,Manhattan,"Canal Street @ Allen Street",352,240
ecdddb78-10be-47c6-ba27-e5d9da6b9a22,Manhattan,"Water St @ John St",352,240
b5cf34ce-697e-42a1-b22f-8eb2c1f3e79e,Manhattan,"1 Ave @ E. Houston St",352,240
e5f14a79-fe4c-450e-b81e-21d8c9e1ea9b,Manhattan,"Harlem Rvr Dr (FDR) @ 166 St",352,240
b9ba6a87-0e0b-4c5a-ad6a-7ead399e0864,Bronx,"C1-MDE-11-NB_at_W.179th_St-Ex8",720,480
fb34b9cf-f64d-4645-96f6-bd0243dffda0,Queens,"Cross Island Pkwy @ West Alley Rd",352,240
c61490de-9ab7-4321-919c-cf8ad9ca5100,Manhattan,"2 Ave @ 59 St (QBB)",352,240
d24b0435-67e7-498a-91f6-f3a65bd86be2,Bronx,"Bruckner Expy @ Wilkinson Ave",352,240
afff9762-e6d4-4b4d-a2e7-60c13763dd16,Manhattan,"Bowery @ Cooper Sq & 4 St",352,240
c4fa59c7-32b9-410e-b0f1-c10ce13e37ac,Brooklyn,"C2-GE-11_E_EB_at_37th_St_Ex23",<nil>,<nil>
cb43382f-7b5f-43a7-918b-607a69b2fb3a,Manhattan,"Pearl St @ Dover",352,240
a8389158-7e9c-4e57-8127-841f710582f8,Brooklyn,"Linden Blvd @ Pennsylvania Ave",352,240
a9169e9f-4eb3-4ebd-8149-bc1413087193,Queens,"Cross Island Pkwy @ Bayside Marina",352,240
fec1c88c-46b6-41bb-89ab-7dc7eeb2daaf,Queens,"College Point Blvd @ Roosevelt Ave",352,240
c65db13c-61ee-4e8c-859f-fa52a297114a,Manhattan,"BB-27A Manhattan Tower South",352,240
ce3ef423-8d29-40c3-9e27-f150a12ca10a,Staten Island,"Victory Blvd @ Gannon Ave -131.34",352,240
c6022d8a-69df-45be-aadd-ec39a18a18fb,Manhattan,"Br Br-20 S Rdwy FDR Dr",352,240
c75873dc-16d0-4e9c-b5b5-1c6ede0b0b63,Manhattan,"FDR @ E 6 St",352,240
c74a2510-0ce0-48f2-8fbe-36fdd1a98379,Brooklyn,"Hamilton Ave @ Hamilton PL @ 15 St (S SR)",352,240
c79840eb-e25e-41cc-8a54-f8eaa6e29463,Brooklyn,"C2-BQE-25-WB_at_S.5th_St-Ex32",640,352
d3ab8634-97be-4229-9aa3-c3637ff66ea9,Brooklyn,"Columbia St @ Degraw St",352,240
d7d72762-bcd2-4672-9bf7-1558bc6895b5,Queens,"Union tpke @ Little Neck Pkwy",352,240
f2029d59-52c0-44b9-8030-90e03f710f8f,Staten Island,"Richmond Ave @ Amboy Rd - quad - ptz - 1.218",352,240
a69c70f4-cedf-440c-83f7-743e7a158d09,Manhattan,"11 Ave @ W 40 St",352,240
df527f8d-1d60-4c90-9b22-badbb87e469d,Brooklyn,"Furman St @ Joralemon St",352,240
d47d2f63-cdc1-4f28-bc4c-e64ac07e4f1d,Manhattan,"Union Sq @ 14 St",352,240
d7910856-9d2c-4142-b8cc-cbd6c4b3acac,Manhattan,"Broadway @ 169 Street",352,240
e438c68c-c1e4-4fc1-9d1e-28cab8acb42a,Manhattan,"Henry Hudson Pkwy @ 70 St",352,240
d67b0c15-549a-42f9-b99c-13023667f724,Bronx,"C1-SHE-02-SB_at_Cross_Brx_Expwy",1920,1080
d4338b6b-ddf6-41e9-9a64-1f0dd0b8ebdf,Bronx,"Boston Rd. @ E 169 St",352,240
e179ded3-4cdc-4110-ac9c-f12c20f9ccad,Queens,"Qns Blvd @ 65 Ave",352,240
d5ed6e53-5a1f-404f-8394-a1ed88a2c429,Queens,"Astoria Blvd @ 108 St",352,240
da689305-b159-4051-9d01-9881803adb4b,Queens,"C5-BQE-41-EB_at_31st_Ave-Ex43",720,480
d4bbce49-b087-4524-a835-08cb253926a7,Manhattan,"10 Ave @ 57 St",352,240
d681357c-1296-4bb0-901d-a1ebc8ab17c7,Brooklyn,"BB-50 South Rdwy @ West of Bklyn Twr",352,240
ed0f8bd4-fe44-4f86-98a9-91f45b446200,Brooklyn,"3 Ave @ Union St",352,240
dc0cb00c-0b2e-4851-9f8a-67954e4adbdb,Brooklyn,"Roebling St @ South 4 St",352,240
ded03849-7c56-43e5-8e82-05b61c175aca,Bronx,"C1-CBE-04_N - NB_at_Macombs Rd-Ex2A",1920,1080
d560faa5-0f60-4ac4-ae1e-b4af096d9adc,Brooklyn,"BB-16 South Rdwy @ Manhattan Anchorage",352,240
d8e022cc-c262-45ac-a939-8e86e20853fd,Manhattan,"Ft Washington @ 178 St",352,240
dd6b80d0-dad3-42a3-8b70-7cc963105027,Queens,"C5-BQE-38_E_at_Broadway",720,480
ed670675-55d7-43e9-ac88-29f1290b843b,Queens,"Woodhaven Blvd @ Myrtle Ave",352,240
f51e9c5b-2698-4777-a6be-1e1994b334c2,Staten Island,"Victory Blvd @ Morani St-131.26",352,240
fee01ae5-3f35-4fe1-a236-417d43b64101,Queens,"Beach Channel Dr @ Beach 116 St",352,240
f0e5c9aa-7700-4918-834f-c106189bde4b,Manhattan,"1 Ave @ 42 St",352,240
ebac5b6e-bd3a-4046-926b-7446edab9bee,Manhattan,"3 Ave @ E 14 St",352,240
fbe41159-b7cd-4b91-a365-5656bae67ae7,Queens,"Farmers Blvd @ 147 Ave @ 175 St",352,240
fde1748c-7c0f-4df8-8acd-120df29a9305,Brooklyn,"Atlantic Ave @ Eastern Pkwy",352,240
f134b133-75ef-40a8-8fbb-f9c51355e6b5,Brooklyn,"Old Fulton St @ Vine St/Hicks St - quad - 156.24",352,240
eafc65f5-6ff9-4203-905f-3995b9fbc9eb,Manhattan,"1 Ave @ 23 St",352,240
e73b2210-e5e7-42c0-a48f-5ce07b28da43,Manhattan,"Park Ave @ 96 St",352,240
fc900cf1-98b4-4ddb-a511-1e8a9233935c,Queens,"Whitestone Expy @ 28 Rd N of Linden Pl",352,240
f6ca5824-45da-48a9-8268-2725eed58b79,Bronx,"Fordham Rd @  Grand Concourse",352,240
fbfe89f1-6410-4189-bbeb-7e5fce28bf82,Staten Island,"School Rd @ Bay St",352,240
e4767b49-3611-4be2-895f-1fc03261653b,Brooklyn,"MHB-33 Bklyn LRW @ Ex Ramp",352,240
f9608ba1-608f-4dad-a8aa-9a9c1978b363,Brooklyn,"McDonald Ave @ 10th Ave / 20th St",352,240
e5f322e7-e38c-4a3c-9b1b-8df2cb459884,Manhattan,"FDR @ 48 St",352,240
e2a52948-46af-41f0-9769-623e4a7d2900,Brooklyn,"C2-BQE-06_WB_at_Congress_St-Ex27",720,480
f3c6fe0c-75c8-4ce9-ad9a-5b7eb8e9087e,Manhattan,"1 Ave @ 86 St",352,240
ea36992f-a3bf-4cce-8942-05ff04e2ae5f,Manhattan,"Park Ave @ 23 St",352,240
f3d82b25-6b10-44c7-ae89-30df075a7ac8,Manhattan,"Broadway @ 46 St- Quad North",352,240
f5c6fd9c-8e5b-4c3c-8c3e-31233678f15b,Manhattan,"Lexington Ave @ 96 St",352,240
f2fbddd2-a5bb-45fe-93ef-2a9b9940bbd5,Manhattan,"FDR Dr @ 131 ST (3 Ave Br)",352,240
f3d14ce1-8df5-4c5c-88b8-f17f56077e04,Brooklyn,"Flatbush Ave @ Willoughby",352,240
ea3029f6-ce2c-463a-9e05-7218862f60a2,Staten Island,"MLK Expy @ Walker St",352,240
ee4709ba-ce23-4f26-a970-02e5ce9cf7f2,Queens,"College Point Blvd @ Booth Memorial Ave",352,240
f4d2c0f5-0148-45e7-95ba-a5185d8e8060,Manhattan,"Park Ave @ 57 St",352,240
e8a479f8-5170-4f1f-b258-b9745c966c71,Manhattan,"Vanderbilt Ave @ E 45 St",352,240
e7c0ccc5-bf19-453f-a5cd-c02b9feb2123,Staten Island,"Drumgoogle Rd E @ Wainwright Ave",352,240
f2a7f677-64db-4dd9-9810-82e4910c7799,Manhattan,"5 Ave @ 84 St",320,240
f8549617-2066-4d74-b2b9-b06165dd13e2,Bronx,"C1-TNE-02-Med_at_Randall_Ave",720,480
fb31c502-9b4a-4c19-9b26-5b84a1a39ec3,Manhattan,"Amsterdam Ave @ 79 St",352,240
f8e7c70d-bdcb-4394-b55c-d9bcef891fba,Manhattan,"11 Ave @ 42 St",352,240
fa287d30-44a9-48ef-90d6-5ab0a54eab15,Brooklyn,"Flatbush Ave and Atlantic Ave",352,240
f4e822f7-d2a2-4146-851c-04b2fa6d5265,Manhattan,"5 Ave @ 42 St",352,240
f8dec92a-babd-4547-99d1-3808ee61ce79,Staten Island,"C3-SIE-14-WB_at_Hyland_Blvd_Ex14",720,480
fb588f5e-c90e-4136-9817-ed4201267d97,Bronx,"C1-MDE-14-NB_at_Mosholu_Pkwy-Ex12",720,480
f78c30e5-2a4d-4a71-b5d4-482ba70d585f,Manhattan,"FDR @ E 127 St",352,240
f5d272cf-3bc6-48c3-94d0-808c4003a4e9,Brooklyn,"WBB-4 @ NOR Bklyn-Mid Span",352,240
b6369867-aa5f-4df3-8af3-dcac2eb0dfc8,Manhattan,"Canal St @ Broadway",352,240
f664cb82-a0fc-467e-9a6a-ca34c89cc63c,Queens,"Northern Blvd @ Main St",352,240
b6847d0c-ee18-409e-a3b8-e68f8365047c,Manhattan,"West St @ Clarkson",352,240
f0b924fe-0df6-4ac2-85a2-5d2b96d081d5,Manhattan,"7 Ave @ 57 St",352,240
b678c72f-c8cf-48dc-b97b-42c5bf3abd7b,Manhattan,"MHB-24 Manh S URDWY @ Twr",352,240
af2b479e-ec78-46b0-be35-6bbbd1691460,Manhattan,"1 ave @ 40 st",352,240
